time/fps,time/total_timesteps,time/iterations,time/time_elapsed,train/learning_rate,train/loss,train/approx_kl,train/explained_variance,train/clip_range,train/clip_fraction,train/policy_gradient_loss,train/n_updates,train/value_loss,train/entropy_loss
1171,2048,1,1,,,,,,,,,,
547,4096,2,7,0.001,-0.04048130661249161,0.014653064,0.0002976059913635254,0.2,0.14052734375,-0.007901306316489354,10,6.503139128200564,-2.878018233180046
464,6144,3,13,0.001,-0.09399761259555817,0.020594835,-0.1839592456817627,0.2,0.13642578125,-0.02684112748247571,20,0.0027576997217693133,-2.867632180452347
426,8192,4,19,0.001,-0.1662348210811615,0.06086801,-0.5860373973846436,0.2,0.43505859375,-0.08345149392844178,30,0.0012672367280174512,-2.8385695308446883
416,10240,5,24,0.001,-0.17561718821525574,0.096255615,0.30500227212905884,0.2,0.60283203125,-0.10926411657128483,40,0.0011591522401431576,-2.7747604876756666
408,12288,6,30,0.001,-0.17725181579589844,0.10026185,-0.32576680183410645,0.2,0.627685546875,-0.11501412519719452,50,0.0008212791100959294,-2.7869724720716476
401,14336,7,35,0.001,-0.1838071346282959,0.12325548,-0.04945218563079834,0.2,0.661962890625,-0.11945205488009378,60,0.0008117722239148861,-2.769578430056572
394,16384,8,41,0.001,-0.07666924595832825,0.052835986,-0.0019098520278930664,0.2,0.43037109375,-0.0360432596411556,70,0.008945988207415212,-2.8228369832038878
391,18432,9,47,0.001,-0.18079137802124023,0.12602311,-0.14384210109710693,0.2,0.693701171875,-0.1213699822081253,80,0.0002481062547303736,-2.782548651099205
386,20480,10,53,0.001,-0.17944681644439697,0.13725111,-0.1550809144973755,0.2,0.7083984375,-0.12422769226832316,90,0.00021736112621510982,-2.7627538472414015
383,22528,11,58,0.001,-0.0642634704709053,0.03596794,-0.0002646446228027344,0.2,0.293701171875,-0.03681352636194788,100,0.042561282473616305,-2.8410741984844208
380,24576,12,64,0.001,-0.06173457205295563,0.03847521,0.0006301403045654297,0.2,0.32900390625,-0.03389330849749968,110,0.008581764767586719,-2.8376412987709045
378,26624,13,70,0.001,-0.17687278985977173,0.15950143,-0.319730281829834,0.2,0.693701171875,-0.12034752438776194,120,8.89164914497087e-05,-2.793906083703041
376,28672,14,76,0.001,-0.18242426216602325,0.1480068,-1.3143744468688965,0.2,0.70859375,-0.12182551389560103,130,9.246945373888593e-05,-2.7770356267690657
373,30720,15,82,0.001,-0.02274041622877121,0.021902066,-0.0013115406036376953,0.2,0.21650390625,-0.017871213209582494,140,0.030174723535310477,-2.8522660583257675
373,32768,16,87,0.001,-0.1689656376838684,0.12891677,-1.5659027099609375,0.2,0.690283203125,-0.11956268516369165,150,0.00012359883025965247,-2.8038729190826417
371,34816,17,93,0.001,-0.1862175315618515,0.1459236,-2.7236623764038086,0.2,0.734716796875,-0.12744366073748098,160,6.860613152639416e-05,-2.7999031484127044
371,36864,18,99,0.001,-0.07124194502830505,0.044715684,-0.0007479190826416016,0.2,0.24677734375,-0.04793860430945642,170,0.033012409484945236,-2.846743831038475
371,38912,19,104,0.001,-0.0493190735578537,0.06874609,-0.0023506879806518555,0.2,0.4837890625,-0.03406222490593791,180,0.004007039714679195,-2.8454499006271363
369,40960,20,110,0.001,-0.05678495764732361,0.029485423,-0.0001537799835205078,0.2,0.207666015625,-0.051703197346068916,190,0.059474241873249414,-2.8672494918107985
370,43008,21,116,0.001,-0.17153342068195343,0.13514367,-2.591339349746704,0.2,0.703955078125,-0.12691316265554634,200,3.602976825050064e-05,-2.820242378115654
369,45056,22,121,0.001,-0.06659539043903351,0.041246437,-0.0011372566223144531,0.2,0.26123046875,-0.03125841462751851,210,0.008597715584619437,-2.8524814188480376
369,47104,23,127,0.001,-0.05520043522119522,0.027469402,-0.0007989406585693359,0.2,0.2224609375,-0.025717092666309328,220,0.008617350837448612,-2.8657145142555236
369,49152,24,133,0.001,-0.05231203883886337,0.041697517,-0.001184701919555664,0.2,0.23203125,-0.017362545055220835,230,0.006566725964535181,-2.8703167647123338
367,51200,25,139,0.001,-0.03613915666937828,0.028507508,-4.029273986816406e-05,0.2,0.180517578125,-0.06138366528321058,240,0.17571034729480745,-2.8654547303915026
365,53248,26,145,0.001,-0.059500306844711304,0.025583237,-9.572505950927734e-05,0.2,0.140673828125,-0.05051320183556527,250,0.08058526087552309,-2.872348216176033
364,55296,27,151,0.001,-0.0522046834230423,0.014202606,-0.0006256103515625,0.2,0.09248046875,-0.022052899526897818,260,0.007855315477354453,-2.8734066009521486
364,57344,28,157,0.001,-0.02878747135400772,0.036635704,-2.3365020751953125e-05,0.2,0.211572265625,-0.057187351398169994,270,0.11066457633860409,-2.866403675079346
364,59392,29,163,0.001,-0.04317907243967056,0.028452871,-6.723403930664062e-05,0.2,0.170361328125,-0.047885034151840956,280,0.0838599493727088,-2.865030327439308
364,61440,30,168,0.001,-0.06290429085493088,0.013891995,-0.0004824399948120117,0.2,0.091796875,-0.025980322947725655,290,0.011108066007727757,-2.8770282059907912
363,63488,31,174,0.001,-0.180324986577034,0.12067278,-1.4213612079620361,0.2,0.677783203125,-0.12426495790714398,300,8.025519721854835e-06,-2.8379817426204683
363,65536,32,180,0.001,-0.06588128209114075,0.034405187,-0.0001285076141357422,0.2,0.1994140625,-0.03422490130760707,310,0.014280034304829315,-2.8549751430749892
363,67584,33,186,0.001,-0.0618051141500473,0.033073455,-6.532669067382812e-05,0.2,0.174365234375,-0.04443700814153999,320,0.03608758782502264,-2.8585278034210204
362,69632,34,192,0.001,-0.1767793446779251,0.12232238,-0.4568772315979004,0.2,0.69052734375,-0.12343167594517582,330,5.709725684255318e-06,-2.826448029279709
362,71680,35,197,0.001,-0.18070891499519348,0.16271174,-5.509775638580322,0.2,0.731201171875,-0.1257354052911978,340,7.515525001622336e-06,-2.7946354359388352
361,73728,36,203,0.001,-0.05003850907087326,0.036454204,-6.961822509765625e-05,0.2,0.216552734375,-0.030311753635760396,350,0.034216051347902975,-2.845655596256256
362,75776,37,209,0.001,-0.038747139275074005,0.022197986,-5.793571472167969e-05,0.2,0.122265625,-0.036665052740136164,360,0.06334844902157784,-2.8683135479688646
362,77824,38,214,0.001,-0.06870748847723007,0.024346322,-0.00013828277587890625,0.2,0.148095703125,-0.04381530525861308,370,0.030428560636937618,-2.873010057210922
362,79872,39,220,0.001,-0.06161807104945183,0.013889875,-0.00012874603271484375,0.2,0.076220703125,-0.02821294559398666,380,0.008483409959444544,-2.8745864391326905
362,81920,40,225,0.001,-0.06458640098571777,0.019492403,-4.744529724121094e-05,0.2,0.10810546875,-0.03739405912347138,390,0.016962198697729036,-2.8716452956199645
362,83968,41,231,0.001,-0.07451163977384567,0.037443988,-3.063678741455078e-05,0.2,0.19560546875,-0.048112129373475906,400,0.02447437511291355,-2.8613778829574583
361,86016,42,237,0.001,-0.17905867099761963,0.12753466,-2.7118844985961914,0.2,0.704638671875,-0.12556899493793025,410,4.841753886353218e-06,-2.8321369349956513
362,88064,43,243,0.001,-0.045425157994031906,0.021662934,-0.0002537965774536133,0.2,0.182861328125,-0.027821442554704846,420,0.008519350002461578,-2.8632818907499313
361,90112,44,248,0.001,-0.16779275238513947,0.14123619,-2.2299249172210693,0.2,0.691357421875,-0.11634843820938841,430,4.103855302162173e-06,-2.824763259291649
361,92160,45,254,0.001,-0.04515529423952103,0.027042547,-2.6226043701171875e-05,0.2,0.151904296875,-0.03729420998133719,440,0.04168051930610091,-2.8569955348968508
361,94208,46,260,0.001,-0.18832390010356903,0.15115738,-2.0704052448272705,0.2,0.7326171875,-0.13010096931247972,450,5.383626297827959e-06,-2.8191344410181047
361,96256,47,266,0.001,-0.17981623113155365,0.16389102,-4.960362434387207,0.2,0.7546875,-0.12925438263919203,460,3.5847266914856846e-06,-2.8009996503591537
361,98304,48,271,0.001,-0.18115819990634918,0.16894883,-4.474940776824951,0.2,0.766845703125,-0.1295814618933946,470,2.2216405270114593e-06,-2.791769394278526
361,100352,49,277,0.001,-0.06436769664287567,0.036286812,-3.886222839355469e-05,0.2,0.23720703125,-0.040371811820659784,480,0.017027800146024674,-2.8562651365995406
361,102400,50,283,0.001,-0.05640767142176628,0.030648813,-0.0002595186233520508,0.2,0.12900390625,-0.03038494290667586,490,0.008526459828135557,-2.862244302034378
361,104448,51,289,0.001,-0.17022177577018738,0.13998097,-1.9713332653045654,0.2,0.724560546875,-0.12629262185946571,500,2.910611488005088e-06,-2.8245272666215895
361,106496,52,294,0.001,-0.18649277091026306,0.16791916,-1.927443504333496,0.2,0.759326171875,-0.13135545899858697,510,1.780801399320353e-06,-2.793552479147911
360,108544,53,300,0.001,-0.05864066258072853,0.026580255,-8.296966552734375e-05,0.2,0.2125,-0.025677966105286033,520,0.008553136207046919,-2.857471925020218
361,110592,54,306,0.001,-0.184945747256279,0.15233809,-2.8938143253326416,0.2,0.727587890625,-0.13021563987713308,530,2.3549178550297255e-06,-2.8203836023807525
361,112640,55,311,0.001,-0.18655215203762054,0.17973477,-2.1877732276916504,0.2,0.765087890625,-0.13165192038286477,540,1.730721355386322e-06,-2.7947851538658144
361,114688,56,317,0.001,-0.050548505038022995,0.040283207,-1.633167266845703e-05,0.2,0.25322265625,-0.038129619951359925,550,0.04276327430270612,-2.8431388676166534
360,116736,57,323,0.001,-0.17940016090869904,0.16199788,-3.1967501640319824,0.2,0.723095703125,-0.1248954869050067,560,3.2002578308265583e-06,-2.8206833779811857
360,118784,58,329,0.001,-0.17895977199077606,0.16859576,-4.0394110679626465,0.2,0.753662109375,-0.12760953821707516,570,2.4532652453501667e-06,-2.7728607982397078
360,120832,59,335,0.001,-0.18597669899463654,0.18462789,-7.068937301635742,0.2,0.77548828125,-0.13226038451539351,580,4.578861404525014e-06,-2.764760249853134
360,122880,60,340,0.001,-0.18000629544258118,0.16969019,-4.652488708496094,0.2,0.75849609375,-0.12754693537717685,590,2.5488167395337768e-06,-2.763024535775185
360,124928,61,346,0.001,-0.044890373945236206,0.033241224,-8.356571197509766e-05,0.2,0.210546875,-0.0253941833274439,600,0.008243350044358522,-2.83111911714077
360,126976,62,352,0.001,-0.04913397505879402,0.054043718,-0.00012946128845214844,0.2,0.2763671875,-0.018056504020933062,610,0.00608653378748727,-2.8415847033262254
360,129024,63,357,0.001,-0.18278737366199493,0.15996027,-1.876554012298584,0.2,0.75029296875,-0.13075068471953272,620,3.1772896704751474e-06,-2.7987064599990843
359,131072,64,364,0.001,-0.1798081398010254,0.1979969,-1.8059778213500977,0.2,0.7650390625,-0.13166569711174816,630,8.110505049785388e-07,-2.7754611343145372
360,133120,65,369,0.001,-0.18147146701812744,0.19050151,-2.3713645935058594,0.2,0.7654296875,-0.12716728002997116,640,3.466296872645103e-07,-2.755872493982315
360,135168,66,375,0.001,-0.032314483076334,0.04757677,-2.4318695068359375e-05,0.2,0.32041015625,-0.01197489065816626,650,0.006043102351651441,-2.841953757405281
360,137216,67,381,0.001,-0.070631243288517,0.040588118,-0.00029790401458740234,0.2,0.24296875,-0.04347638124600053,660,0.017085073178168386,-2.8378310799598694
360,139264,68,386,0.001,-0.05287187173962593,0.020957908,-0.0003222227096557617,0.2,0.13525390625,-0.025341169245075436,670,0.00850763523922069,-2.857255205512047
360,141312,69,392,0.001,-0.03735794872045517,0.019461092,-5.364418029785156e-05,0.2,0.10791015625,-0.03388752783066593,680,0.03970012408099137,-2.8630872309207915
360,143360,70,398,0.001,-0.1811632215976715,0.13990095,-3.6726937294006348,0.2,0.718701171875,-0.13028129532467575,690,3.5583662196359e-06,-2.8276611983776094
360,145408,71,403,0.001,-0.18250548839569092,0.18421344,-7.126862525939941,0.2,0.765771484375,-0.13067939480533824,700,1.6195628553816732e-06,-2.7933510094881058
360,147456,72,409,0.001,-0.18611900508403778,0.20640716,-4.575976848602295,0.2,0.780322265625,-0.13284345999127253,710,1.2154401254349523e-06,-2.775791996717453
359,149504,73,415,0.001,-0.18410614132881165,0.20136307,-3.912468433380127,0.2,0.77177734375,-0.1316853689495474,720,1.2167664017681546e-06,-2.7794310241937636
359,151552,74,420,0.001,-0.05158885568380356,0.036824938,-4.303455352783203e-05,0.2,0.24423828125,-0.02857254622504115,730,0.008561862612259575,-2.847825300693512
359,153600,75,426,0.001,-0.05230768769979477,0.02587175,-4.38690185546875e-05,0.2,0.1638671875,-0.03829858383396641,740,0.04260294967098162,-2.856898033618927
359,155648,76,432,0.001,-0.04354626685380936,0.028493633,-0.0002046823501586914,0.2,0.187158203125,-0.03985900063998997,750,0.0426687283674255,-2.855695778131485
360,157696,77,437,0.001,-0.1799832284450531,0.14290036,-3.814945697784424,0.2,0.716357421875,-0.12950328893493862,760,6.008502532495186e-06,-2.822531780600548
360,159744,78,443,0.001,-0.06300054490566254,0.028181303,-0.00035774707794189453,0.2,0.184619140625,-0.030637398781254887,770,0.008511957637529122,-2.850820478796959
360,161792,79,449,0.001,-0.18704363703727722,0.15446183,-3.204881191253662,0.2,0.752880859375,-0.1315032518701628,780,4.9861704312093025e-06,-2.809455323219299
360,163840,80,454,0.001,-0.04379797726869583,0.05293352,-1.3470649719238281e-05,0.2,0.21591796875,-0.055189359351061285,790,0.14674340607598424,-2.8398279339075088
360,165888,81,460,0.001,-0.0582079254090786,0.037931748,-0.0001283884048461914,0.2,0.202099609375,-0.052856402448378505,800,0.06662925225682556,-2.847672837972641
360,167936,82,465,0.001,-0.03135771304368973,0.04368203,-2.4557113647460938e-05,0.2,0.274072265625,-0.06277443763101473,810,0.16898656077682972,-2.8486159682273864
360,169984,83,471,0.001,-0.17097194492816925,0.0777095,-0.00039136409759521484,0.2,0.490478515625,-0.04661704256432131,820,0.01319858358598367,-2.837642964720726
360,172032,84,477,0.001,-0.0451812744140625,0.028781584,-2.2172927856445312e-05,0.2,0.1947265625,-0.04103327073389664,830,0.1017254201695323,-2.849827179312706
360,174080,85,482,0.001,-0.05990482494235039,0.021618076,-0.000141143798828125,0.2,0.139404296875,-0.039963876485126094,840,0.04833986380835995,-2.8608866393566132
360,176128,86,488,0.001,-0.007418803870677948,0.03301511,-2.0742416381835938e-05,0.2,0.2052734375,-0.05997442661318928,850,0.16937910104170442,-2.859957364201546
360,178176,87,494,0.001,-0.06904889643192291,0.026253905,-0.00013387203216552734,0.2,0.1771484375,-0.04711027212906629,860,0.030140135833062232,-2.8588310569524764
360,180224,88,499,0.001,-0.044199131429195404,0.021690223,-3.24249267578125e-05,0.2,0.13818359375,-0.0331661515054293,870,0.05588278623763472,-2.8600454151630403
360,182272,89,506,0.001,-0.016188062727451324,0.029048271,-2.3484230041503906e-05,0.2,0.185986328125,-0.045877394964918494,880,0.09362443429417908,-2.8554819881916047
360,184320,90,511,0.001,-0.052698567509651184,0.014987723,-4.9591064453125e-05,0.2,0.086572265625,-0.028108416276518257,890,0.052246263960842046,-2.8688595414161684
360,186368,91,517,0.001,-0.050249963998794556,0.0319482,-2.8014183044433594e-05,0.2,0.1576171875,-0.04233851048629731,900,0.045736267953179775,-2.857779437303543
360,188416,92,522,0.001,-0.05031336098909378,0.029222548,-5.030632019042969e-05,0.2,0.18115234375,-0.041055327717913315,910,0.04238397852750495,-2.858776816725731
360,190464,93,528,0.001,-0.043709490448236465,0.016499966,-0.0001475811004638672,0.2,0.156494140625,-0.017098609427921473,920,0.006768510082238777,-2.86444638967514
360,192512,94,534,0.001,-0.06681635975837708,0.024179105,-2.9206275939941406e-05,0.2,0.161474609375,-0.04607852761400864,930,0.025037409737706184,-2.8655736654996873
360,194560,95,539,0.001,-0.18131136894226074,0.13195908,-3.7007532119750977,0.2,0.7021484375,-0.12821809636661782,940,2.443776446625634e-06,-2.8273483246564863
360,196608,96,545,0.001,-0.01170194149017334,0.03830647,-8.225440979003906e-06,0.2,0.207666015625,-0.04440886909142137,950,0.10921814036555588,-2.856477344036102
360,198656,97,551,0.001,-0.06095941737294197,0.024100523,-0.0003857612609863281,0.2,0.13984375,-0.031026150239631532,960,0.008480027693440206,-2.860528564453125
360,200704,98,556,0.001,-0.053911853581666946,0.019636653,-0.00015985965728759766,0.2,0.129443359375,-0.028662190190516412,970,0.008492066209873883,-2.8601620852947236
360,202752,99,562,0.001,-0.17717546224594116,0.1412164,-6.357736110687256,0.2,0.710986328125,-0.13025241001159885,980,2.4049901419687105e-06,-2.818588379025459
360,204800,100,568,0.001,-0.17224270105361938,0.11414559,-0.0005069971084594727,0.2,0.620458984375,-0.06708225189941004,990,0.001862734678216782,-2.8088558197021483
360,206848,101,573,0.001,-0.03769452124834061,0.018778648,-2.2649765014648438e-05,0.2,0.146240234375,-0.02232226587366313,1000,0.033231450885068625,-2.844282624125481
360,208896,102,579,0.001,-0.05043254792690277,0.05128903,-0.0004767179489135742,0.2,0.260888671875,-0.016119683324359358,1010,0.0060352235751665265,-2.8464807897806166
360,210944,103,585,0.001,-0.03724994882941246,0.023448095,-7.259845733642578e-05,0.2,0.239111328125,-0.016641369706485422,1020,0.025318451781151906,-2.8617407023906707
360,212992,104,590,0.001,-0.047451201826334,0.02520575,-1.823902130126953e-05,0.2,0.18486328125,-0.055447317619109524,1030,0.0955904109403491,-2.8666827887296678
360,215040,105,596,0.001,-0.05003228783607483,0.017025257,-7.712841033935547e-05,0.2,0.1279296875,-0.039172909141052516,1040,0.05076671792194247,-2.867469075322151
360,217088,106,601,0.001,-0.16786766052246094,0.12941419,-4.50939416885376,0.2,0.67666015625,-0.1241671918774955,1050,3.475184662704578e-06,-2.8252453058958054
360,219136,107,607,0.001,-0.05423861742019653,0.027233768,-0.00021135807037353516,0.2,0.20634765625,-0.029088567750295623,1060,0.008504756835463922,-2.8514701992273332
360,221184,108,613,0.001,-0.06094197928905487,0.025395015,-1.9311904907226562e-05,0.2,0.17744140625,-0.044523825077340005,1070,0.04863561582751572,-2.8596127331256866
360,223232,109,618,0.001,-0.14016060531139374,0.05495327,-0.00022804737091064453,0.2,0.325927734375,-0.024946983181871475,1080,0.0056899527069788295,-2.8552530646324157
360,225280,110,624,0.001,-0.06454634666442871,0.02348925,-0.00016677379608154297,0.2,0.157568359375,-0.02819052173290402,1090,0.00851134043041384,-2.8568906486034393
360,227328,111,630,0.001,-0.06224922090768814,0.035288557,-1.0848045349121094e-05,0.2,0.200732421875,-0.05453730451408774,1100,0.07276157680898905,-2.855723711848259
360,229376,112,635,0.001,-0.06405717879533768,0.038245372,-2.110004425048828e-05,0.2,0.19326171875,-0.05712535560596734,1110,0.07036751282867044,-2.8517988562583922
360,231424,113,641,0.001,-0.045460306107997894,0.021185111,-0.0005987882614135742,0.2,0.18505859375,-0.01870676740654744,1120,0.007568209249438951,-2.8544641375541686
360,233472,114,647,0.001,-0.18320082128047943,0.12669256,-3.719163417816162,0.2,0.68486328125,-0.12335636222269386,1130,3.11331377957913e-06,-2.807980528473854
360,235520,115,652,0.001,-0.18772341310977936,0.16473798,-4.148868560791016,0.2,0.760107421875,-0.13169162204721943,1140,2.404470424721694e-06,-2.765843987464905
360,237568,116,658,0.001,-0.16360194981098175,0.1867992,-3.3893933296203613,0.2,0.76572265625,-0.12585220409091563,1150,1.6761898649519935e-06,-2.745856538414955
360,239616,117,664,0.001,-0.18518801033496857,0.20969869,-3.048525333404541,0.2,0.781298828125,-0.13289895742200314,1160,6.378091260472729e-07,-2.744434669613838
360,241664,118,669,0.001,-0.059254080057144165,0.026403626,-3.814697265625e-05,0.2,0.239453125,-0.024157573794946076,1170,0.008404997932666447,-2.8259697526693346
360,243712,119,675,0.001,-0.06096465140581131,0.02455044,-0.00015223026275634766,0.2,0.159765625,-0.0304680360481143,1180,0.008506650713388807,-2.8476468920707703
360,245760,120,681,0.001,-0.17869910597801208,0.15677062,-5.4435272216796875,0.2,0.719677734375,-0.12857576448004693,1190,9.507120218188447e-07,-2.8052706569433212
360,247808,121,687,0.001,-0.06200913339853287,0.04566052,-2.574920654296875e-05,0.2,0.263232421875,-0.04046365034300834,1200,0.017014811490662397,-2.83172045648098
360,249856,122,692,0.001,-0.1798524111509323,0.1560713,-3.8927836418151855,0.2,0.74384765625,-0.13044063998386263,1210,2.292853996266331e-06,-2.796495535969734
360,251904,123,698,0.001,-0.18009109795093536,0.18207473,-4.005624771118164,0.2,0.744873046875,-0.13050533112254925,1220,6.337241398313154e-07,-2.7870154559612272
360,253952,124,704,0.001,-0.049730993807315826,0.034271292,-4.112720489501953e-05,0.2,0.235693359375,-0.026675041834823787,1230,0.008582211690372788,-2.841618204116821
360,256000,125,710,0.001,-0.17962220311164856,0.13542455,-5.402395248413086,0.2,0.703466796875,-0.12654487677500584,1240,1.946744250247434e-06,-2.8090294539928435
360,258048,126,715,0.001,-0.0561913326382637,0.036555655,-5.5909156799316406e-05,0.2,0.152978515625,-0.025227199168875815,1250,0.013322992151245217,-2.853944516181946
360,260096,127,721,0.001,-0.05974757298827171,0.025457459,-0.00011610984802246094,0.2,0.141943359375,-0.03182982446160167,1260,0.008527584915282205,-2.8538433492183684
360,262144,128,727,0.001,-0.1776179075241089,0.14881375,-3.581110954284668,0.2,0.719873046875,-0.12490530190989375,1270,1.3930088663016704e-06,-2.806857404112816
360,264192,129,732,0.001,-0.035722579807043076,0.035954967,-8.821487426757812e-06,0.2,0.21142578125,-0.03620365442475304,1280,0.04212467154720798,-2.851303231716156
360,266240,130,738,0.001,-0.05901120603084564,0.029005866,-0.00026416778564453125,0.2,0.1298828125,-0.03488994976505637,1290,0.014809612417593598,-2.857011851668358
360,268288,131,743,0.001,-0.06327438354492188,0.019216858,-0.00019359588623046875,0.2,0.13720703125,-0.029540956590790302,1300,0.008499718658276834,-2.8569339603185653
360,270336,132,749,0.001,-0.05941292271018028,0.027093388,-0.00011873245239257812,0.2,0.11845703125,-0.03115753055899404,1310,0.011122836105641909,-2.856821084022522
360,272384,133,755,0.001,-0.05657397210597992,0.024402637,-0.00010573863983154297,0.2,0.13359375,-0.027787530259229243,1320,0.008475700965209398,-2.852232551574707
360,274432,134,760,0.001,-0.06319902837276459,0.017278623,-5.6743621826171875e-05,0.2,0.150244140625,-0.037255493213888255,1330,0.016922245931345968,-2.8579756885766985
360,276480,135,766,0.001,-0.17083583772182465,0.14123058,-5.336183071136475,0.2,0.687158203125,-0.12554117777035573,1340,1.1743366087557661e-06,-2.822471150755882
360,278528,136,772,0.001,-0.05756360664963722,0.025450643,-4.6372413635253906e-05,0.2,0.164453125,-0.026824862253852187,1350,0.008530668079038151,-2.847460350394249
360,280576,137,777,0.001,-0.16440726816654205,0.150935,-4.961917877197266,0.2,0.686865234375,-0.11944928844459354,1360,1.0202856358887403e-06,-2.8075547009706496
360,282624,138,783,0.001,-0.059186339378356934,0.032013882,-4.792213439941406e-05,0.2,0.181640625,-0.03417019584449008,1370,0.013122572971042246,-2.8387681007385255
360,284672,139,788,0.001,-0.05817689374089241,0.0217066,-0.0002359151840209961,0.2,0.155615234375,-0.03030756979715079,1380,0.008488348597893491,-2.848223167657852
360,286720,140,794,0.001,-0.17018674314022064,0.14926568,-1.4115808010101318,0.2,0.71201171875,-0.12023266383912415,1390,9.58950204577036e-07,-2.8023965060710907
360,288768,141,800,0.001,-0.026259582489728928,0.03274822,-7.62939453125e-06,0.2,0.220556640625,-0.03973943064920604,1400,0.06355424060020595,-2.839183136820793
360,290816,142,805,0.001,-0.053829167038202286,0.039184082,-0.00018334388732910156,0.2,0.2193359375,-0.050095249875448646,1410,0.05747126045171171,-2.840564900636673
360,292864,143,811,0.001,-0.06499033421278,0.027736453,-0.0010982751846313477,0.2,0.201708984375,-0.03293776796781458,1420,0.015654825841193088,-2.846876484155655
360,294912,144,817,0.001,-0.1682194322347641,0.09661259,-0.0017546415328979492,0.2,0.543310546875,-0.05099785935599357,1430,0.003322629059854876,-2.827236795425415
360,296960,145,822,0.001,-0.1765826791524887,0.14942408,-1.6616489887237549,0.2,0.7244140625,-0.12979028951376675,1440,2.822508326971729e-06,-2.7936387807130814
360,299008,146,828,0.001,-0.06844669580459595,0.05832921,-5.6862831115722656e-05,0.2,0.25166015625,-0.04922837561462075,1450,0.038066595373675224,-2.8169838964939116
361,301056,147,833,0.001,-0.16890458762645721,0.14542705,-3.2041258811950684,0.2,0.725244140625,-0.12857261243043466,1460,4.081217126383762e-06,-2.7957214206457137
361,303104,148,839,0.001,-0.0510006882250309,0.03537551,-4.4345855712890625e-05,0.2,0.197119140625,-0.035684635455254465,1470,0.04110279909800738,-2.8185018718242647
361,305152,149,845,0.001,-0.05541352182626724,0.026369391,-0.00027489662170410156,0.2,0.182763671875,-0.02637752703158185,1480,0.008530439872265561,-2.8390180259943008
360,307200,150,851,0.001,-0.17571033537387848,0.14034292,-6.733363628387451,0.2,0.69345703125,-0.12576354540651663,1490,1.4655969913235367e-06,-2.814335140585899
361,309248,151,856,0.001,-0.18091146647930145,0.1819916,-5.9299798011779785,0.2,0.74541015625,-0.13172112536849453,1500,7.705201671370787e-07,-2.7879412949085234
360,311296,152,862,0.001,-0.18050217628479004,0.20648874,-4.082754611968994,0.2,0.7896484375,-0.13536719464464114,1510,4.949479281535219e-07,-2.7622422009706495
360,313344,153,868,0.001,-0.0605429969727993,0.035196677,-2.9087066650390625e-05,0.2,0.201416015625,-0.02797603895305656,1520,0.008543414931045845,-2.8244027584791183
360,315392,154,874,0.001,-0.04396068677306175,0.035252728,-3.504753112792969e-05,0.2,0.19033203125,-0.04118325588060543,1530,0.045734129031188786,-2.8363736122846603
360,317440,155,879,0.001,-0.0595121793448925,0.022008039,-0.0005344152450561523,0.2,0.130419921875,-0.02968400575919077,1540,0.008483771815372165,-2.850661778450012
360,319488,156,885,0.001,-0.18167617917060852,0.15356505,-4.263592720031738,0.2,0.704541015625,-0.12833666735095903,1550,9.988477604139235e-07,-2.8028497010469438
360,321536,157,891,0.001,-0.18380022048950195,0.18017563,-2.0409626960754395,0.2,0.751416015625,-0.1343723326397594,1560,6.346349298524956e-07,-2.7742969930171966
360,323584,158,896,0.001,-0.18471789360046387,0.18961225,-3.340188980102539,0.2,0.75966796875,-0.1319762794941198,1570,4.1311678042887936e-07,-2.7524852067232133
360,325632,159,902,0.001,-0.1840025931596756,0.17808598,-4.654397487640381,0.2,0.750244140625,-0.12816115922760218,1580,2.1582823928056882e-07,-2.754976961016655
360,327680,160,908,0.001,-0.05884663388133049,0.03644497,-1.5735626220703125e-05,0.2,0.22109375,-0.02603784801904112,1590,0.008483353033079765,-2.8036316841840745
360,329728,161,913,0.001,-0.0644143596291542,0.028204974,-0.000274658203125,0.2,0.141015625,-0.029132296936586498,1600,0.009497545348131098,-2.8371192634105684
360,331776,162,919,0.001,-0.17490799725055695,0.12790039,-6.2226057052612305,0.2,0.703369140625,-0.12727931700646877,1610,8.700854671417346e-07,-2.8012237519025804
360,333824,163,924,0.001,-0.053432486951351166,0.041234504,-8.106231689453125e-06,0.2,0.236865234375,-0.044264073972590266,1620,0.05261165229603648,-2.806294509768486
360,335872,164,930,0.001,-0.18219199776649475,0.13962182,-3.0226798057556152,0.2,0.717724609375,-0.12980642077163793,1630,2.1575031915688215e-06,-2.7968795508146287
360,337920,165,936,0.001,-0.057901494204998016,0.033663593,-5.984306335449219e-05,0.2,0.19228515625,-0.03533649088349193,1640,0.016763477661879734,-2.8143823385238647
360,339968,166,941,0.001,-0.06520198285579681,0.028980717,-0.00011801719665527344,0.2,0.166796875,-0.0386720543843694,1650,0.01700915948022157,-2.8382303357124328
360,342016,167,947,0.001,-0.17565415799617767,0.129707,-6.594977378845215,0.2,0.695703125,-0.1276150658610277,1660,4.5168708560083815e-06,-2.806687480211258
360,344064,168,953,0.001,-0.04388382285833359,0.032947093,-8.344650268554688e-06,0.2,0.228564453125,-0.0386207762057893,1670,0.06789448210038244,-2.830226343870163
360,346112,169,958,0.001,-0.06182689964771271,0.019946294,-0.0002772808074951172,0.2,0.117724609375,-0.026727714989101516,1680,0.00833781526889652,-2.853473162651062
360,348160,170,964,0.001,-0.17928682267665863,0.11408375,-3.3731837272644043,0.2,0.67880859375,-0.1237771108339075,1690,1.4099888119289972e-06,-2.8174612671136856
360,350208,171,970,0.001,-0.1871742606163025,0.1588501,-9.24071979522705,0.2,0.7572265625,-0.1342970508383587,1700,7.104906099897335e-07,-2.779904541373253
360,352256,172,976,0.001,-0.18385189771652222,0.18311703,-3.1727304458618164,0.2,0.760302734375,-0.1316126240999438,1710,4.1503691097233284e-07,-2.7577358424663543
360,354304,173,981,0.001,-0.18845230340957642,0.18991381,-4.528498649597168,0.2,0.761865234375,-0.13618565427605062,1720,2.4771759568054106e-07,-2.758255648612976
360,356352,174,987,0.001,-0.18301819264888763,0.20180827,-4.479865074157715,0.2,0.76513671875,-0.1320202811039053,1730,1.6048448854277807e-07,-2.7465052962303163
360,358400,175,993,0.001,-0.18431827425956726,0.19354701,-2.458472967147827,0.2,0.780419921875,-0.1336401186650619,1740,8.398030026945946e-08,-2.7434159487485887
360,360448,176,998,0.001,-0.0685170516371727,0.04031171,-2.5033950805664062e-06,0.2,0.225732421875,-0.040462853328790516,1750,0.01707833053660579,-2.8130403429269792
360,362496,177,1004,0.001,-0.170303612947464,0.14619526,-3.2251601219177246,0.2,0.719482421875,-0.12645603336859496,1760,4.716824873440828e-06,-2.7900193363428114
360,364544,178,1009,0.001,-0.06106915697455406,0.03454012,-8.547306060791016e-05,0.2,0.1998046875,-0.027208711375715212,1770,0.008573868089297321,-2.824752590060234
360,366592,179,1015,0.001,-0.16735489666461945,0.14855292,-2.3800694942474365,0.2,0.705322265625,-0.12109425652306527,1780,1.2668475729782359e-06,-2.777685895562172
360,368640,180,1021,0.001,-0.051835864782333374,0.032305166,-7.891654968261719e-05,0.2,0.163525390625,-0.02350129747064784,1790,0.008571811544243246,-2.806711119413376
360,370688,181,1026,0.001,-0.06266967952251434,0.025165096,-0.0001957416534423828,0.2,0.158349609375,-0.03771320739760995,1800,0.016905454645166174,-2.835399183630943
361,372736,182,1032,0.001,-0.17832006514072418,0.14336303,-6.074531555175781,0.2,0.71328125,-0.1286788503464777,1810,1.3406738784027538e-06,-2.7850764870643614
360,374784,183,1038,0.001,-0.03273708373308182,0.03162704,-1.0132789611816406e-05,0.2,0.186962890625,-0.03269962689373642,1820,0.04216706536244601,-2.827609235048294
360,376832,184,1044,0.001,-0.1828821897506714,0.13152528,-8.514289855957031,0.2,0.68544921875,-0.1270630525716115,1830,2.003338237699381e-06,-2.8055454015731813
360,378880,185,1050,0.001,-0.17362453043460846,0.18142194,-8.249836921691895,0.2,0.749560546875,-0.1303181229333859,1840,8.724994948750009e-07,-2.760870039463043
360,380928,186,1055,0.001,-0.050705406814813614,0.03514511,-1.6570091247558594e-05,0.2,0.197216796875,-0.02816209945594892,1850,0.03399560170364566,-2.8229909539222717
360,382976,187,1061,0.001,-0.050626955926418304,0.030987766,-0.00029468536376953125,0.2,0.166845703125,-0.0239670125185512,1860,0.008590725089015904,-2.8317018866539003
360,385024,188,1066,0.001,-0.17511668801307678,0.165605,-9.599068641662598,0.2,0.725390625,-0.1284680960176047,1870,3.3510740358622117e-06,-2.780182296037674
360,387072,189,1072,0.001,-0.17561273276805878,0.18119125,-8.338301658630371,0.2,0.755712890625,-0.13214141402859242,1880,7.665129260203685e-07,-2.775068390369415
360,389120,190,1078,0.001,-0.06071161851286888,0.03391877,-7.784366607666016e-05,0.2,0.242578125,-0.02911545894748997,1890,0.008590927181649022,-2.816446712613106
360,391168,191,1083,0.001,-0.18360882997512817,0.149566,-5.582521438598633,0.2,0.739990234375,-0.13135685316519813,1900,8.863742477771552e-07,-2.7846411764621735
361,393216,192,1088,0.001,-0.19045104086399078,0.19162157,-7.707367897033691,0.2,0.7560546875,-0.13310870988061652,1910,2.507952371111344e-07,-2.7555763572454453
361,395264,193,1093,0.001,-0.18132038414478302,0.21824366,-4.8253984451293945,0.2,0.780078125,-0.1365221321582794,1920,1.1456289747968639e-07,-2.739031505584717
361,397312,194,1099,0.001,-0.039206188172101974,0.04615455,-2.2649765014648438e-06,0.2,0.21650390625,-0.03458348527783528,1930,0.04011333405505866,-2.7948228657245635
361,399360,195,1104,0.001,-0.07305973023176193,0.04113009,-0.00024020671844482422,0.2,0.2658203125,-0.047139431268442424,1940,0.023442296346183868,-2.8123103469610213
361,401408,196,1109,0.001,-0.06354077160358429,0.027843328,-0.00022208690643310547,0.2,0.145751953125,-0.031034395488677546,1950,0.014173118057806277,-2.832228344678879
362,403456,197,1114,0.001,-0.05807046964764595,0.024203187,-0.0006355047225952148,0.2,0.143212890625,-0.02789629263570532,1960,0.008507871397887357,-2.8465307265520097
362,405504,198,1119,0.001,-0.06986664980649948,0.03321532,-0.0001729726791381836,0.2,0.1986328125,-0.04142520040622912,1970,0.01699942341656424,-2.8435072153806686
362,407552,199,1124,0.001,-0.18465949594974518,0.14189428,-5.6425089836120605,0.2,0.72841796875,-0.13256759523646905,1980,1.3370041514804142e-06,-2.813641405105591
362,409600,200,1130,0.001,-0.06197400391101837,0.04443068,-4.0650367736816406e-05,0.2,0.218408203125,-0.043087203544564544,1990,0.01706290114670992,-2.830136901140213
362,411648,201,1135,0.001,-0.04607797786593437,0.025438827,-0.00033283233642578125,0.2,0.17509765625,-0.020559113787021487,2000,0.007018944498122437,-2.839988762140274
362,413696,202,1140,0.001,-0.04813750833272934,0.026649885,-0.00013566017150878906,0.2,0.184326171875,-0.019235940207727252,2010,0.008505019641597755,-2.8501436054706573
362,415744,203,1145,0.001,-0.1766269952058792,0.14851207,-4.898873329162598,0.2,0.66689453125,-0.12456811417359859,2020,1.1154280919356551e-06,-2.819159173965454
363,417792,204,1150,0.001,-0.17862750589847565,0.16619146,-7.698577880859375,0.2,0.721484375,-0.1290738014038652,2030,5.895464912697435e-07,-2.7938669234514237
363,419840,205,1155,0.001,-0.17466433346271515,0.1716177,-3.9175634384155273,0.2,0.75146484375,-0.13112749286228792,2040,2.893621777744215e-07,-2.77498973608017
363,421888,206,1161,0.001,-0.07316621392965317,0.04015594,-1.3947486877441406e-05,0.2,0.224609375,-0.04175340444780886,2050,0.01595265678479336,-2.8128055959939955
363,423936,207,1166,0.001,-0.06278738379478455,0.041437812,-8.857250213623047e-05,0.2,0.1970703125,-0.04665678977034986,2060,0.024360343866283073,-2.8357528686523437
363,425984,208,1171,0.001,-0.060444846749305725,0.027867556,-0.00020885467529296875,0.2,0.14921875,-0.031236901090596802,2070,0.008500580825784709,-2.852328363060951
363,428032,209,1177,0.001,-0.180588036775589,0.15924391,-5.814442157745361,0.2,0.72197265625,-0.13019646576140076,2080,8.865366890375981e-07,-2.804239797592163
363,430080,210,1182,0.001,-0.05274840071797371,0.02483727,-6.520748138427734e-05,0.2,0.16640625,-0.02420653334702365,2090,0.00810795954457717,-2.8369077682495116
363,432128,211,1187,0.001,-0.052075326442718506,0.03871309,-1.3113021850585938e-05,0.2,0.17353515625,-0.04518605141201988,2100,0.0745408786693588,-2.842188134789467
363,434176,212,1193,0.001,-0.18223603069782257,0.14957286,-7.046123504638672,0.2,0.7291015625,-0.1320005213841796,2110,3.987868315391552e-06,-2.8050651103258133
364,436224,213,1198,0.001,-0.05257958546280861,0.035872813,-0.00020778179168701172,0.2,0.2021484375,-0.027093622961547225,2120,0.008521692917565816,-2.833686074614525
364,438272,214,1203,0.001,-0.18054690957069397,0.14506996,-2.938284158706665,0.2,0.717236328125,-0.1287939780042507,2130,1.520291003487273e-06,-2.797709861397743
364,440320,215,1208,0.001,-0.055638402700424194,0.02272613,-0.00010132789611816406,0.2,0.169775390625,-0.025670295726740733,2140,0.008515767075004987,-2.8250139176845552
364,442368,216,1214,0.001,-0.18394599854946136,0.15709212,-4.51956844329834,0.2,0.73515625,-0.1302983833127655,2150,1.6964542652431192e-06,-2.789970886707306
364,444416,217,1219,0.001,-0.16724355518817902,0.20274857,-3.87286376953125,0.2,0.74423828125,-0.12704668657388538,2160,4.327984527208173e-07,-2.763543277978897
364,446464,218,1224,0.001,-0.06327056139707565,0.036901496,-1.5616416931152344e-05,0.2,0.22939453125,-0.03544482431607321,2170,0.016633813380030914,-2.8182975947856903
364,448512,219,1230,0.001,-0.07051748782396317,0.04625296,-0.00012433528900146484,0.2,0.244189453125,-0.0445775477681309,2180,0.025554791965987533,-2.8281803905963896
364,450560,220,1235,0.001,-0.05258741229772568,0.022218963,-0.0005375146865844727,0.2,0.199853515625,-0.022300176197313705,2190,0.007586003537289799,-2.8360197991132736
364,452608,221,1240,0.001,-0.05570761859416962,0.026549177,-8.869171142578125e-05,0.2,0.164111328125,-0.023136238468578086,2200,0.012784923246704239,-2.8507908463478087
364,454656,222,1246,0.001,-0.05475185438990593,0.015755147,-0.00018155574798583984,0.2,0.131982421875,-0.02762790541164577,2210,0.008479066597647033,-2.8586309403181076
364,456704,223,1251,0.001,-0.05942053347826004,0.02264054,-3.600120544433594e-05,0.2,0.137744140625,-0.03755002526449971,2220,0.01662466934649274,-2.8555682778358458
365,458752,224,1256,0.001,-0.05637061223387718,0.026253691,-1.609325408935547e-05,0.2,0.147705078125,-0.046949318016413596,2230,0.07036503804847598,-2.851344162225723
365,460800,225,1261,0.001,-0.18024201691150665,0.104334936,-5.191062927246094,0.2,0.6453125,-0.12199591859243811,2240,1.999544227970773e-06,-2.826741507649422
365,462848,226,1266,0.001,-0.1761016994714737,0.17451811,-6.5721940994262695,0.2,0.75986328125,-0.13153895909199492,2250,1.044912233538753e-06,-2.7829477787017822
365,464896,227,1271,0.001,-0.18713857233524323,0.18363103,-7.8397626876831055,0.2,0.774658203125,-0.13431501369923354,2260,5.142750316267098e-07,-2.7724767148494722
365,466944,228,1276,0.001,-0.1874055564403534,0.18150017,-4.939639091491699,0.2,0.780615234375,-0.1349883849034086,2270,2.8189422733859716e-07,-2.7619283497333527
366,468992,229,1280,0.001,-0.18700897693634033,0.20345387,-7.990787506103516,0.2,0.77998046875,-0.13536645901040173,2280,1.16647257542013e-07,-2.7484468042850496
366,471040,230,1284,0.001,-0.18039695918560028,0.20346145,-6.949743270874023,0.2,0.763671875,-0.13238087603822352,2290,6.596157384741729e-08,-2.750663676857948
366,473088,231,1289,0.001,-0.17550970613956451,0.20260905,-6.491166591644287,0.2,0.76953125,-0.13048365152208136,2300,4.4411595223614595e-08,-2.7477498233318327
367,475136,232,1293,0.001,-0.17973284423351288,0.21660769,-6.165245532989502,0.2,0.771435546875,-0.12744696715380996,2310,3.585270570427568e-08,-2.738786420226097
367,477184,233,1298,0.001,-0.17406156659126282,0.23210794,-4.065215110778809,0.2,0.7861328125,-0.13070690028835089,2320,1.996971656370583e-08,-2.7367522209882735
367,479232,234,1302,0.001,-0.05661695450544357,0.04292945,-1.5497207641601562e-06,0.2,0.248486328125,-0.031720479321666065,2330,0.008652088329836261,-2.806555485725403
368,481280,235,1307,0.001,-0.18154576420783997,0.21232545,-8.69407844543457,0.2,0.782958984375,-0.13421841140370816,2340,8.976631914947574e-06,-2.7642493069171907
368,483328,236,1311,0.001,-0.04979956895112991,0.06883257,-6.651878356933594e-05,0.2,0.31923828125,-0.02233716973569244,2350,0.0076286048852608705,-2.8143325626850126
368,485376,237,1316,0.001,-0.1810254156589508,0.15166882,-4.360923767089844,0.2,0.72314453125,-0.13044329130789264,2360,7.627446780844593e-07,-2.7982296705245973
369,487424,238,1320,0.001,-0.05556679144501686,0.031183379,-4.291534423828125e-05,0.2,0.193701171875,-0.027472522208699956,2370,0.008531809534179046,-2.8253255814313887
369,489472,239,1324,0.001,-0.05384691432118416,0.020260436,-0.00022304058074951172,0.2,0.155419921875,-0.0245070539182052,2380,0.008371937029005494,-2.8482268810272218
369,491520,240,1329,0.001,-0.17970673739910126,0.14142387,-5.0900373458862305,0.2,0.6978515625,-0.12427842900506221,2390,7.673989205869703e-07,-2.813145247101784
370,493568,241,1333,0.001,-0.055262669920921326,0.028581224,-3.039836883544922e-05,0.2,0.177099609375,-0.02541900579817593,2400,0.008528031718742567,-2.8340112805366515
370,495616,242,1338,0.001,-0.17536219954490662,0.17162545,-6.430851459503174,0.2,0.73935546875,-0.1295195210550446,2410,1.268877466742424e-06,-2.792204427719116
370,497664,243,1342,0.001,-0.042533762753009796,0.026720516,-5.435943603515625e-05,0.2,0.180517578125,-0.025998147763311864,2420,0.008569218934280799,-2.842001995444298
370,499712,244,1347,0.001,-0.05779694765806198,0.014892882,-0.00013077259063720703,0.2,0.11064453125,-0.02484952794620767,2430,0.008455105352913961,-2.8566938549280168
371,501760,245,1351,0.001,-0.050436753779649734,0.015566353,-0.00012004375457763672,0.2,0.077392578125,-0.023205872892867775,2440,0.008104537968029036,-2.8610503315925597
371,503808,246,1355,0.001,-0.17362825572490692,0.13545433,-3.490334987640381,0.2,0.67744140625,-0.11971196695230901,2450,1.5014540615254646e-06,-2.821681264042854
371,505856,247,1360,0.001,-0.16858041286468506,0.15413827,-3.018784523010254,0.2,0.722021484375,-0.12189224179601296,2460,5.479768494964787e-07,-2.803414133191109
372,507904,248,1364,0.001,-0.17706827819347382,0.19234888,-6.791388988494873,0.2,0.751025390625,-0.12766526681371032,2470,2.485299644305883e-07,-2.792088735103607
372,509952,249,1369,0.001,-0.049186743795871735,0.033844702,-1.1205673217773438e-05,0.2,0.194775390625,-0.024080786400008946,2480,0.008591017332946649,-2.8325199455022814
372,512000,250,1373,0.001,-0.1809803545475006,0.1719419,-6.890854358673096,0.2,0.73427734375,-0.1302866618032567,2490,1.6977816805763268e-06,-2.799752101302147
372,514048,251,1378,0.001,-0.177008718252182,0.20490655,-5.376841068267822,0.2,0.7599609375,-0.13219907567836345,2500,3.992828020216166e-07,-2.780845007300377
373,516096,252,1382,0.001,-0.17443309724330902,0.20197266,-6.289135456085205,0.2,0.748193359375,-0.12695247356314213,2510,1.7968878145424584e-07,-2.762860170006752
373,518144,253,1387,0.001,-0.17490732669830322,0.21969692,-9.834250450134277,0.2,0.7513671875,-0.12473603717517108,2520,7.877740564321556e-08,-2.7677573025226594
373,520192,254,1391,0.001,-0.057681240141391754,0.040354017,-4.649162292480469e-06,0.2,0.2310546875,-0.028112349193543197,2530,0.008622646462754346,-2.813393583893776
374,522240,255,1395,0.001,-0.030367016792297363,0.09910199,-0.001005411148071289,0.2,0.357275390625,-0.02219878921750933,2540,0.004449120876009261,-2.8276342123746874
374,524288,256,1400,0.001,-0.1764071136713028,0.18540117,-8.383538246154785,0.2,0.72529296875,-0.12704621490556747,2550,1.1175769881077712e-06,-2.7847744166851043
374,526336,257,1404,0.001,-0.17486953735351562,0.18433933,-4.370855331420898,0.2,0.74697265625,-0.12847502605291083,2560,3.259033828584279e-07,-2.7788992553949354
374,528384,258,1409,0.001,-0.16280457377433777,0.19554134,-7.161175727844238,0.2,0.735009765625,-0.12343920006533153,2570,1.1988746950741813e-07,-2.772053024172783
375,530432,259,1413,0.001,-0.17693111300468445,0.21170893,-6.710453987121582,0.2,0.753369140625,-0.12942293420783244,2580,4.615481830061441e-08,-2.763623982667923
375,532480,260,1418,0.001,-0.18136458098888397,0.22245726,-6.03626823425293,0.2,0.7765625,-0.13221629908075555,2590,1.9033585518801745e-08,-2.74769931435585
375,534528,261,1422,0.001,-0.04924215376377106,0.04299625,-2.0265579223632812e-06,0.2,0.225146484375,-0.030056704557500778,2600,0.00871805688366294,-2.8092960715293884
376,536576,262,1426,0.001,-0.08104430139064789,0.04988103,-0.00023043155670166016,0.2,0.24140625,-0.04232416205340996,2610,0.017132714035687967,-2.8348977893590925
376,538624,263,1431,0.001,-0.07619193196296692,0.04439095,-0.0001614093780517578,0.2,0.2447265625,-0.05255034620640799,2620,0.03404015767155215,-2.8361781507730486
376,540672,264,1435,0.001,-0.16680268943309784,0.15432349,-6.661361217498779,0.2,0.6974609375,-0.12274035618174821,2630,3.994850267474703e-06,-2.7971758216619493
376,542720,265,1439,0.001,-0.18555280566215515,0.1801067,-4.005439758300781,0.2,0.7388671875,-0.13205225564306602,2640,1.0147223537870786e-06,-2.7720100462436674
377,544768,266,1444,0.001,-0.17136786878108978,0.20358256,-2.030186176300049,0.2,0.746630859375,-0.12492926176637412,2650,5.972699836931383e-07,-2.7502938985824583
377,546816,267,1448,0.001,-0.05760869011282921,0.06181834,-8.463859558105469e-06,0.2,0.2912109375,-0.04548977656522766,2660,0.05120354956015945,-2.7938977092504502
377,548864,268,1453,0.001,-0.044652216136455536,0.036314808,-0.0007801055908203125,0.2,0.20517578125,-0.027074174559675156,2670,0.008543046042905188,-2.8234072655439375
377,550912,269,1457,0.001,-0.05510836839675903,0.03906323,-0.0001271963119506836,0.2,0.186767578125,-0.042313160450430584,2680,0.024944401485845445,-2.831516778469086
378,552960,270,1461,0.001,-0.05917590111494064,0.024780396,-0.00032711029052734375,0.2,0.140283203125,-0.027141491806833073,2690,0.008525677757279481,-2.8427925527095796
378,555008,271,1466,0.001,-0.037814266979694366,0.026823867,-2.0503997802734375e-05,0.2,0.159326171875,-0.0410427131340839,2700,0.04931601278949529,-2.853829872608185
378,557056,272,1470,0.001,-0.17065739631652832,0.14043391,-6.441809177398682,0.2,0.635986328125,-0.12179792071692645,2710,2.1187447813986182e-06,-2.819853222370148
379,559104,273,1474,0.001,-0.18278220295906067,0.17716351,-13.644111633300781,0.2,0.72041015625,-0.12744948955951257,2720,1.0119103592387547e-06,-2.779145523905754
379,561152,274,1479,0.001,-0.17909766733646393,0.21027082,-5.580524921417236,0.2,0.734912109375,-0.1262244831188582,2730,5.009385708021342e-07,-2.7640323370695112
379,563200,275,1483,0.001,-0.173062264919281,0.19754387,-8.7794771194458,0.2,0.72451171875,-0.12621359785553068,2740,2.2014461649177973e-07,-2.7695082783699037
379,565248,276,1488,0.001,-0.05830824375152588,0.067795694,-2.1457672119140625e-06,0.2,0.290869140625,-0.05364555928390473,2750,0.0575364900752902,-2.8020253092050553
380,567296,277,1492,0.001,-0.06608104705810547,0.04286301,-0.00032842159271240234,0.2,0.24921875,-0.04559109846595675,2760,0.025470239284913987,-2.8303110599517822
380,569344,278,1497,0.001,-0.045522287487983704,0.028280735,-3.8623809814453125e-05,0.2,0.1953125,-0.039726183633320034,2770,0.06850178055465221,-2.8373581528663636
380,571392,279,1501,0.001,-0.05028466880321503,0.03256785,-4.458427429199219e-05,0.2,0.183935546875,-0.044614904135232794,2780,0.08416005754843355,-2.8491905272006988
380,573440,280,1506,0.001,-0.060601264238357544,0.021608233,-0.00026857852935791016,0.2,0.11484375,-0.027613065447076222,2790,0.00847360238985857,-2.860964408516884
380,575488,281,1510,0.001,-0.17135195434093475,0.13870203,-18.349987030029297,0.2,0.668408203125,-0.12020116910571232,2800,2.0333997909460775e-06,-2.811584731936455
381,577536,282,1515,0.001,-0.1803712695837021,0.18611027,-7.384934425354004,0.2,0.745068359375,-0.1264405353809707,2810,1.583192702270253e-06,-2.7747372537851334
381,579584,283,1519,0.001,-0.17984187602996826,0.22783706,-4.644009590148926,0.2,0.7728515625,-0.13237606444163247,2820,8.857269342854579e-07,-2.7370442867279055
381,581632,284,1523,0.001,-0.18146394193172455,0.21452042,-12.864455223083496,0.2,0.772216796875,-0.13305788246216252,2830,5.082571023606875e-07,-2.724820855259895
381,583680,285,1528,0.001,-0.18555407226085663,0.22785866,-10.543681144714355,0.2,0.776123046875,-0.1325520371203311,2840,2.3835089777435314e-07,-2.7268549144268035
382,585728,286,1532,0.001,-0.1715288609266281,0.21275859,-13.665358543395996,0.2,0.768505859375,-0.12839608050417156,2850,1.0631307145736457e-07,-2.7293016493320463
382,587776,287,1536,0.001,-0.17880962789058685,0.21876766,-11.04019546508789,0.2,0.76982421875,-0.13115988950012253,2860,7.420946936953499e-08,-2.7516370147466658
382,589824,288,1541,0.001,-0.18626560270786285,0.2219373,-5.333082675933838,0.2,0.784033203125,-0.13195262469816954,2870,4.449436972198129e-08,-2.7464136600494387
382,591872,289,1545,0.001,-0.0492035374045372,0.036468297,-2.86102294921875e-06,0.2,0.2564453125,-0.02345546128926799,2880,0.008529811915650498,-2.8199420511722564
383,593920,290,1550,0.001,-0.1686147302389145,0.16841584,-5.579394340515137,0.2,0.72021484375,-0.12255362554569729,2890,1.045941482402668e-06,-2.7797074556350707
383,595968,291,1554,0.001,-0.18118712306022644,0.19852342,-2.090306520462036,0.2,0.738427734375,-0.132081113132881,2900,2.256080327889265e-07,-2.7633239209651945
383,598016,292,1559,0.001,-0.17530713975429535,0.21381629,-3.451908588409424,0.2,0.758349609375,-0.1292630065465346,2910,9.570606671616133e-08,-2.745672810077667
383,600064,293,1563,0.001,-0.052657388150691986,0.03591521,-4.172325134277344e-06,0.2,0.204150390625,-0.029660798038821667,2920,0.011865667608799414,-2.8010450810194016
383,602112,294,1568,0.001,-0.06840714812278748,0.035856295,-0.0004222393035888672,0.2,0.223583984375,-0.026644611603114755,2930,0.008577293557755184,-2.811554419994354
384,604160,295,1572,0.001,-0.18624983727931976,0.157709,-4.318611145019531,0.2,0.72373046875,-0.12837079305318183,2940,1.534757076626647e-06,-2.7863300502300263
384,606208,296,1577,0.001,-0.05031753331422806,0.023303695,-7.176399230957031e-05,0.2,0.12509765625,-0.02297928909538314,2950,0.008182609556024545,-2.821111258864403
384,608256,297,1581,0.001,-0.16863135993480682,0.1624351,-9.184192657470703,0.2,0.71337890625,-0.12581553705967963,2960,1.0428986360722093e-06,-2.791143038868904
384,610304,298,1585,0.001,-0.1732238084077835,0.19389157,-5.636744499206543,0.2,0.73046875,-0.12511754829902202,2970,3.413289789477858e-07,-2.766812413930893
385,612352,299,1590,0.001,-0.18008583784103394,0.1896863,-8.071135520935059,0.2,0.757373046875,-0.12972517358139157,2980,1.2767580259698263e-07,-2.745171257853508
385,614400,300,1594,0.001,-0.18016445636749268,0.19327566,-6.079622268676758,0.2,0.752978515625,-0.12829549892339856,2990,6.861550110315306e-08,-2.7421219676733015
385,616448,301,1599,0.001,-0.17581181228160858,0.20533831,-9.831402778625488,0.2,0.758251953125,-0.12878872558940202,3000,3.8455792261693486e-08,-2.7541355401277543
385,618496,302,1603,0.001,-0.050141800194978714,0.028386587,-4.0531158447265625e-06,0.2,0.158984375,-0.023466639348771422,3010,0.008328583785623778,-2.8041075259447097
385,620544,303,1608,0.001,-0.052366964519023895,0.035348035,-0.0005913972854614258,0.2,0.1884765625,-0.024486803682520986,3020,0.008302505394385661,-2.816717490553856
386,622592,304,1612,0.001,-0.04834681749343872,0.027879236,-0.00016999244689941406,0.2,0.1384765625,-0.027469102072063833,3030,0.008498333716124762,-2.828348532319069
386,624640,305,1616,0.001,-0.17695578932762146,0.16688696,-5.781662464141846,0.2,0.721826171875,-0.1277785426704213,3040,9.013007787217475e-07,-2.785214665532112
386,626688,306,1621,0.001,-0.15240032970905304,0.16968228,-11.143537521362305,0.2,0.736181640625,-0.12461960251675919,3050,2.945266031062488e-07,-2.768185555934906
386,628736,307,1625,0.001,-0.04722483456134796,0.04014875,-2.6226043701171875e-06,0.2,0.224462890625,-0.03866586470976472,3060,0.06301124237943441,-2.8206625789403916
386,630784,308,1630,0.001,-0.05564281344413757,0.024781568,-0.00020122528076171875,0.2,0.148193359375,-0.032196370582096276,3070,0.01734954386483878,-2.841256135702133
387,632832,309,1634,0.001,-0.0581175796687603,0.024902668,-0.0003820657730102539,0.2,0.126611328125,-0.02628198020393029,3080,0.008125168095284607,-2.838024136424065
387,634880,310,1638,0.001,-0.1775273233652115,0.15059969,-3.3775577545166016,0.2,0.690576171875,-0.12753697647713125,3090,2.2648438267935943e-06,-2.802938148379326
387,636928,311,1643,0.001,-0.17910826206207275,0.18165892,-2.5959229469299316,0.2,0.739501953125,-0.12947176890447737,3100,6.683319750067085e-07,-2.786747395992279
387,638976,312,1647,0.001,-0.036966972053050995,0.03746021,-8.344650268554688e-06,0.2,0.16650390625,-0.028687291033565997,3110,0.037150385021232066,-2.824956867098808
388,641024,313,1651,0.001,-0.06601763516664505,0.046103362,-0.00016057491302490234,0.2,0.24697265625,-0.045744096860289574,3120,0.025334243313409388,-2.83465361893177
388,643072,314,1656,0.001,-0.06979411840438843,0.04044076,-0.00017213821411132812,0.2,0.169189453125,-0.04011095290770754,3130,0.016922090499429034,-2.837241679430008
388,645120,315,1660,0.001,-0.1804383397102356,0.1669901,-5.6321516036987305,0.2,0.7267578125,-0.1302471322531346,3140,2.7458454916029494e-06,-2.8014516472816466
388,647168,316,1664,0.001,-0.06393889337778091,0.044236295,-0.00014102458953857422,0.2,0.187890625,-0.02796609663637355,3150,0.008511776858358643,-2.825293853878975
388,649216,317,1669,0.001,-0.07265345752239227,0.043412674,-4.8160552978515625e-05,0.2,0.18896484375,-0.047576547833159566,3160,0.02432690552668646,-2.8364882439374925
389,651264,318,1673,0.001,-0.062209952622652054,0.027661368,-0.000125885009765625,0.2,0.17607421875,-0.035661877831444144,3170,0.01696512156049721,-2.843729645013809
389,653312,319,1677,0.001,-0.1856156587600708,0.1770772,-3.405640125274658,0.2,0.7263671875,-0.12877590892021545,3180,1.412131926059601e-06,-2.7922169983386995
389,655360,320,1682,0.001,-0.04416867718100548,0.030158065,-8.249282836914062e-05,0.2,0.181982421875,-0.0278981578652747,3190,0.008539530116831884,-2.8194183498620986
389,657408,321,1686,0.001,-0.03757788985967636,0.057113737,-5.1975250244140625e-05,0.2,0.2818359375,-0.01738357751746662,3200,0.02269506383899227,-2.842210203409195
389,659456,322,1691,0.001,-0.028196211904287338,0.014041051,-3.993511199951172e-05,0.2,0.091748046875,-0.025638764712493867,3210,0.033347280987072736,-2.8567373186349867
390,661504,323,1695,0.001,-0.18405427038669586,0.14234,-8.339553833007812,0.2,0.65439453125,-0.1186600657645613,3220,1.7058843546635671e-06,-2.8127667874097826
390,663552,324,1700,0.001,-0.06233399361371994,0.067356214,-1.5854835510253906e-05,0.2,0.22353515625,-0.05299606368644163,3230,0.06481267744675279,-2.8165260344743728
390,665600,325,1704,0.001,-0.06649823486804962,0.04372894,-0.0002645254135131836,0.2,0.188330078125,-0.04237362252897583,3240,0.01996994872461073,-2.8354571878910066
390,667648,326,1708,0.001,-0.06127377599477768,0.040961236,-0.00037384033203125,0.2,0.184326171875,-0.03220446865307167,3250,0.008517150744592073,-2.8386168450117113
390,669696,327,1713,0.001,-0.182275652885437,0.1609334,-5.033736228942871,0.2,0.739794921875,-0.13157048966968432,3260,1.2695800002404667e-06,-2.7923072427511215
391,671744,328,1717,0.001,-0.06771253049373627,0.0305282,-4.470348358154297e-05,0.2,0.2193359375,-0.03698186045512557,3270,0.016846619604621083,-2.833229184150696
391,673792,329,1722,0.001,-0.17697834968566895,0.13246378,-4.954763412475586,0.2,0.68505859375,-0.12630243377061562,3280,1.8373457251641411e-06,-2.807355818152428
391,675840,330,1726,0.001,-0.17392440140247345,0.16661038,-7.348457336425781,0.2,0.748095703125,-0.1302893964224495,3290,5.281294964021299e-07,-2.7798609733581543
391,677888,331,1731,0.001,-0.17359405755996704,0.21534868,-7.97650146484375,0.2,0.760498046875,-0.12779531036503614,3300,2.7761593397457317e-07,-2.7684372067451477
391,679936,332,1735,0.001,-0.04079052805900574,0.042147845,-3.933906555175781e-06,0.2,0.2541015625,-0.03467118687694892,3310,0.04272258060518652,-2.806740549206734
391,681984,333,1740,0.001,-0.17874231934547424,0.15606776,-3.6341328620910645,0.2,0.70498046875,-0.12223923794226721,3320,5.239154432956639e-06,-2.790722781419754
392,684032,334,1744,0.001,-0.1729622632265091,0.13377067,-0.0005925893783569336,0.2,0.589208984375,-0.056701766548212615,3330,0.0026201201440073873,-2.7893188297748566
392,686080,335,1748,0.001,-0.04258657246828079,0.037149258,-9.179115295410156e-05,0.2,0.232177734375,-0.02971415602369234,3340,0.008513688202947378,-2.8209763407707213
392,688128,336,1753,0.001,-0.050369590520858765,0.025420172,-8.213520050048828e-05,0.2,0.21376953125,-0.027625739650102333,3350,0.015247699632891454,-2.8265317380428314
392,690176,337,1757,0.001,-0.1761118322610855,0.14620048,-4.329630374908447,0.2,0.715771484375,-0.12634655131259934,3360,3.314568508017146e-06,-2.787373772263527
392,692224,338,1762,0.001,-0.1861879527568817,0.18376341,-5.878769874572754,0.2,0.760986328125,-0.13437767679570242,3370,8.112021031791983e-07,-2.766205334663391
392,694272,339,1766,0.001,-0.18359802663326263,0.19416234,-5.822179794311523,0.2,0.77119140625,-0.13394945577019826,3380,4.853201765797621e-07,-2.750585290789604
393,696320,340,1771,0.001,-0.18154336512088776,0.19241297,-3.5549755096435547,0.2,0.780126953125,-0.1342914169537835,3390,3.593678348678964e-07,-2.7554764479398726
393,698368,341,1775,0.001,-0.18080925941467285,0.19612172,-5.370408535003662,0.2,0.768505859375,-0.13384519475512208,3400,1.429255954477071e-07,-2.739010143280029
393,700416,342,1780,0.001,-0.18482427299022675,0.21019879,-4.6441450119018555,0.2,0.772802734375,-0.13104679473908618,3410,9.00200123332695e-08,-2.7292727798223497
393,702464,343,1784,0.001,-0.05106380209326744,0.038885422,-8.106231689453125e-06,0.2,0.195751953125,-0.02783796764560975,3420,0.008548989370319759,-2.804854393005371
393,704512,344,1788,0.001,-0.17800496518611908,0.17438969,-5.659835338592529,0.2,0.734521484375,-0.1318696846603416,3430,5.676991304781609e-06,-2.77002634704113
393,706560,345,1793,0.001,-0.05351777374744415,0.044515602,-8.58306884765625e-06,0.2,0.223681640625,-0.0416931486222893,3440,0.04257858111523092,-2.810681414604187
394,708608,346,1797,0.001,-0.04213622212409973,0.029735144,-5.53131103515625e-05,0.2,0.17490234375,-0.038103134429547936,3450,0.05567044331692159,-2.8385749042034147
394,710656,347,1802,0.001,-0.05445653945207596,0.019655388,-0.00034999847412109375,0.2,0.146142578125,-0.029047164163785055,3460,0.008481217537337216,-2.8428617864847183
394,712704,348,1806,0.001,-0.027096658945083618,0.033844948,-1.5139579772949219e-05,0.2,0.152880859375,-0.04476104002678767,3470,0.11280652596615255,-2.8390922427177427
394,714752,349,1811,0.001,-0.06222798675298691,0.030190304,-0.00027489662170410156,0.2,0.177685546875,-0.0401874640956521,3480,0.01700293328613043,-2.8394097417593
394,716800,350,1815,0.001,-0.04789886996150017,0.06529391,-0.00036537647247314453,0.2,0.3521484375,-0.03063680903869681,3490,0.004424891672417175,-2.841574674844742
394,718848,351,1819,0.001,-0.05130138620734215,0.013355027,-0.00011229515075683594,0.2,0.08408203125,-0.025629928929265588,3500,0.008340121098444796,-2.853269550204277
395,720896,352,1824,0.001,-0.17742767930030823,0.113251716,-4.386691570281982,0.2,0.6525390625,-0.1237835863372311,3510,1.0822028372103886e-06,-2.8233615875244142
395,722944,353,1828,0.001,-0.180929496884346,0.15989378,-4.834366798400879,0.2,0.714990234375,-0.12773828415665775,3520,5.547513190151676e-07,-2.7883956491947175
395,724992,354,1833,0.001,-0.18088722229003906,0.1665,-2.656231164932251,0.2,0.733837890625,-0.12884383334312588,3530,3.466117595607443e-07,-2.7675092786550524
395,727040,355,1837,0.001,-0.17739005386829376,0.19304073,-9.565221786499023,0.2,0.742041015625,-0.12751329761231317,3540,2.2973901590006562e-07,-2.755417397618294
395,729088,356,1841,0.001,-0.169941246509552,0.19364423,-5.498337745666504,0.2,0.761962890625,-0.12623769912170246,3550,1.6183272486536282e-07,-2.7346287995576857
396,731136,357,1846,0.001,-0.182443305850029,0.18653625,-6.04118537902832,0.2,0.75947265625,-0.12938952050171793,3560,6.497995272969347e-08,-2.7450979083776472
396,733184,358,1850,0.001,-0.16107682883739471,0.20845953,-5.473575592041016,0.2,0.770361328125,-0.12537932875566185,3570,4.247713796257102e-08,-2.7168871402740478
396,735232,359,1854,0.001,-0.18279412388801575,0.2278254,-4.7366461753845215,0.2,0.756396484375,-0.12503230380825697,3580,2.4808974963264065e-08,-2.7193975001573563
396,737280,360,1859,0.001,-0.18413114547729492,0.19964388,-6.3272786140441895,0.2,0.768896484375,-0.1264817576040514,3590,1.3302017926042354e-08,-2.729856538772583
396,739328,361,1863,0.001,-0.1772482991218567,0.19881368,-4.797712802886963,0.2,0.7708984375,-0.12611093663726933,3600,1.004677699090184e-08,-2.7311601251363755
396,741376,362,1868,0.001,-0.17401641607284546,0.19816601,-5.806434631347656,0.2,0.76689453125,-0.1296875244937837,3610,6.444797820415182e-09,-2.7341805785894393
397,743424,363,1872,0.001,-0.0658516213297844,0.05775097,-3.5762786865234375e-07,0.2,0.280224609375,-0.04379171639448032,3620,0.02308864580700174,-2.795275792479515
397,745472,364,1876,0.001,-0.17516499757766724,0.18563128,-11.656774520874023,0.2,0.744189453125,-0.1284086050116457,3630,1.534992553331449e-06,-2.7576999962329865
397,747520,365,1881,0.001,-0.02328905463218689,0.029565515,-8.90493392944336e-05,0.2,0.199267578125,-0.014113996853120625,3640,0.006579455301877602,-2.8175641149282455
397,749568,366,1885,0.001,-0.04143153503537178,0.032522894,-2.3484230041503906e-05,0.2,0.17490234375,-0.04328287251992151,3650,0.049371095304377374,-2.831386390328407
397,751616,367,1890,0.001,-0.1822335422039032,0.12543914,-12.522889137268066,0.2,0.69443359375,-0.12687596403993667,3660,4.191038406986536e-06,-2.8042803019285203
397,753664,368,1894,0.001,-0.18581241369247437,0.15111169,-4.6585235595703125,0.2,0.73408203125,-0.13145009689033033,3670,7.55714757616488e-07,-2.7766832619905473
397,755712,369,1899,0.001,-0.05653616413474083,0.04209286,-5.555152893066406e-05,0.2,0.19775390625,-0.029079075111076234,3680,0.008537255661212838,-2.79492723941803
398,757760,370,1903,0.001,-0.0574367381632328,0.027030583,-0.00020587444305419922,0.2,0.179052734375,-0.028731894912198186,3690,0.008500704303150997,-2.825100040435791
398,759808,371,1907,0.001,-0.17593219876289368,0.14582278,-7.544051170349121,0.2,0.72236328125,-0.12885163621976972,3700,6.732995082359139e-07,-2.79297893345356
398,761856,372,1912,0.001,-0.05610935389995575,0.033010226,-4.696846008300781e-05,0.2,0.186962890625,-0.030898457916919142,3710,0.00852161375223659,-2.816774994134903
398,763904,373,1917,0.001,-0.020992325618863106,0.06538406,-0.0001304149627685547,0.2,0.3625,-0.02013330239569768,3720,0.004440192832404932,-2.8267214745283127
398,765952,374,1921,0.001,-0.04402666538953781,0.031050231,-9.226799011230469e-05,0.2,0.148193359375,-0.027488143718801438,3730,0.008521356264827773,-2.8203699737787247
398,768000,375,1925,0.001,-0.05290187895298004,0.025483886,-0.00016415119171142578,0.2,0.13251953125,-0.03070765791926533,3740,0.008534339157631621,-2.8384631514549254
398,770048,376,1929,0.001,-0.044686704874038696,0.02793763,-0.00034236907958984375,0.2,0.1236328125,-0.027438211062690242,3750,0.008517680727527477,-2.837184178829193
399,772096,377,1934,0.001,-0.17949874699115753,0.12947337,-3.7158517837524414,0.2,0.685791015625,-0.1212292727897875,3760,2.092710227685757e-06,-2.8021079510450364
399,774144,378,1938,0.001,-0.031689710915088654,0.040351674,-3.421306610107422e-05,0.2,0.235498046875,-0.017718239699024706,3770,0.02410717386774195,-2.8307311564683912
399,776192,379,1942,0.001,-0.0616404227912426,0.024908887,-0.0005166530609130859,0.2,0.16064453125,-0.028639677923638373,3780,0.008524777411366813,-2.829598033428192
399,778240,380,1947,0.001,-0.04279594495892525,0.033014968,-0.0004417896270751953,0.2,0.17724609375,-0.01752796322107315,3790,0.005700918775863784,-2.8297878354787827
399,780288,381,1952,0.001,-0.057834770530462265,0.02418922,-0.00010859966278076172,0.2,0.130126953125,-0.027717397641390563,3800,0.008496756036765873,-2.8403760731220244
399,782336,382,1956,0.001,-0.05071498826146126,0.02709157,-1.430511474609375e-05,0.2,0.140185546875,-0.0333767777774483,3810,0.04457608924712986,-2.8432050168514253
400,784384,383,1960,0.001,-0.04703422635793686,0.02084726,-3.719329833984375e-05,0.2,0.133251953125,-0.03842934857821092,3820,0.06299582202918827,-2.8469355374574663
400,786432,384,1965,0.001,-0.06113589555025101,0.040557325,-3.6835670471191406e-05,0.2,0.21083984375,-0.05171408060705289,3830,0.03503304573241621,-2.84768089056015
400,788480,385,1969,0.001,-0.18100860714912415,0.13961424,-4.670300483703613,0.2,0.68603515625,-0.12334873467916622,3840,2.1204114723616383e-06,-2.806880438327789
400,790528,386,1973,0.001,-0.05716342106461525,0.028888706,-0.00014340877532958984,0.2,0.19296875,-0.02596268413180951,3850,0.008499669652519515,-2.821163183450699
400,792576,387,1978,0.001,-0.06750083714723587,0.027684722,-6.449222564697266e-05,0.2,0.21240234375,-0.03687286920612678,3860,0.01718409559689462,-2.8401947021484375
400,794624,388,1982,0.001,-0.03685425966978073,0.022103496,-0.00017964839935302734,0.2,0.114990234375,-0.018809369613882153,3870,0.00861996657140196,-2.853721544146538
400,796672,389,1986,0.001,-0.1722087562084198,0.13577703,-5.100963115692139,0.2,0.62666015625,-0.1194959247019142,3880,7.696048054839366e-07,-2.8144775480031967
401,798720,390,1991,0.001,-0.02733747288584709,0.026391536,-1.2040138244628906e-05,0.2,0.132373046875,-0.018386484868824483,3890,0.029735515336801653,-2.8372861206531526
401,800768,391,1996,0.001,-0.056860845535993576,0.019311313,-0.0001577138900756836,0.2,0.1025390625,-0.02785282807890326,3900,0.008490463155249017,-2.8481705725193023
401,802816,392,2000,0.001,-0.1780007779598236,0.112195775,-1.2255558967590332,0.2,0.654296875,-0.12433704903814942,3910,8.075860939982249e-07,-2.821246933937073
401,804864,393,2005,0.001,-0.17550720274448395,0.15739125,-6.718214988708496,0.2,0.741650390625,-0.1306165911955759,3920,3.141094049752269e-07,-2.7728826880455015
401,806912,394,2009,0.001,-0.1841098666191101,0.18907511,-7.065829277038574,0.2,0.760400390625,-0.13296460315468722,3930,1.9072403176778607e-07,-2.76734436750412
401,808960,395,2013,0.001,-0.18066762387752533,0.18255863,-6.206821918487549,0.2,0.756982421875,-0.13031939493957906,3940,1.1257309298073893e-07,-2.75207633972168
401,811008,396,2018,0.001,-0.1752718985080719,0.19283412,-7.090361595153809,0.2,0.7595703125,-0.12853937927866355,3950,7.5127053622559e-08,-2.746529844403267
401,813056,397,2022,0.001,-0.18052680790424347,0.21966071,-4.723384857177734,0.2,0.7673828125,-0.13160222619771958,3960,4.7249630408252587e-08,-2.7339595377445223
402,815104,398,2026,0.001,-0.045022960752248764,0.04417734,-8.344650268554688e-07,0.2,0.226708984375,-0.028463557222858073,3970,0.034046176995616406,-2.8012346118688582
402,817152,399,2031,0.001,-0.178850919008255,0.20815073,-6.400275707244873,0.2,0.739990234375,-0.12868492779671215,3980,5.886838708590858e-06,-2.7593361735343933
402,819200,400,2035,0.001,-0.06806346774101257,0.04729645,-4.6133995056152344e-05,0.2,0.245263671875,-0.040714021492749455,3990,0.01701400804449804,-2.8157356798648836
402,821248,401,2040,0.001,-0.05585452914237976,0.032132477,-0.00019049644470214844,0.2,0.193505859375,-0.03496039944002405,4000,0.01701522161019966,-2.829952248930931
402,823296,402,2044,0.001,-0.05275104194879532,0.019090086,-0.00023496150970458984,0.2,0.11337890625,-0.029134143481496722,4010,0.008495773994218326,-2.845038017630577
402,825344,403,2048,0.001,-0.06586336344480515,0.026272321,-9.167194366455078e-05,0.2,0.1591796875,-0.04165052130701952,4020,0.016984738974133506,-2.8402075201272963
402,827392,404,2053,0.001,-0.1808566153049469,0.1467838,-5.225559234619141,0.2,0.671337890625,-0.12538218674017115,4030,1.0941406415554412e-06,-2.794124087691307
403,829440,405,2057,0.001,-0.05302707105875015,0.024004744,-7.510185241699219e-05,0.2,0.14443359375,-0.02782276157522574,4040,0.008469091096776538,-2.835651883482933
403,831488,406,2062,0.001,-0.17502444982528687,0.13862877,-4.343563079833984,0.2,0.689453125,-0.12325478882994503,4050,5.413118508101888e-07,-2.7987696796655657
403,833536,407,2066,0.001,-0.05477314442396164,0.04007309,-2.6345252990722656e-05,0.2,0.17255859375,-0.027117822936270387,4060,0.008550789125729352,-2.828878754377365
403,835584,408,2071,0.001,-0.0665082335472107,0.03477998,-0.0002783536911010742,0.2,0.1724609375,-0.02718386535998434,4070,0.008519190381048248,-2.8199444085359575
403,837632,409,2075,0.001,-0.06097971647977829,0.02456015,-4.8279762268066406e-05,0.2,0.137158203125,-0.037056132592260836,4080,0.018863229849375784,-2.8293708503246306
403,839680,410,2080,0.001,-0.15850944817066193,0.17661099,-6.152338981628418,0.2,0.696337890625,-0.12302627025637776,4090,2.8231942902579022e-06,-2.782036006450653
403,841728,411,2084,0.001,-0.0626119077205658,0.034421235,-2.6702880859375e-05,0.2,0.2009765625,-0.03647771973628551,4100,0.01662194519303739,-2.8232770204544066
403,843776,412,2088,0.001,-0.05204381048679352,0.0353693,-0.0001100301742553711,0.2,0.161865234375,-0.03267624799627811,4110,0.016093755199108273,-2.8347365707159042
404,845824,413,2093,0.001,-0.027193525806069374,0.055941768,-0.00013816356658935547,0.2,0.259033203125,-0.015901862425380386,4120,0.019541500891384088,-2.842026561498642
404,847872,414,2097,0.001,-0.06848771125078201,0.034274176,-3.933906555175781e-05,0.2,0.180908203125,-0.04638887827750295,4130,0.029862427921034395,-2.843041720986366
404,849920,415,2101,0.001,-0.058900073170661926,0.029130574,-8.320808410644531e-05,0.2,0.174365234375,-0.040321214555297046,4140,0.016998965811217202,-2.841446024179459
404,851968,416,2106,0.001,-0.060877084732055664,0.023972955,-4.839897155761719e-05,0.2,0.1666015625,-0.038796694920165464,4150,0.042388339363969865,-2.849772310256958
404,854016,417,2110,0.001,-0.17514459788799286,0.14489187,-6.590298175811768,0.2,0.67587890625,-0.12304750137263909,4160,1.2864288933656099e-06,-2.804295527935028
404,856064,418,2115,0.001,-0.05886084586381912,0.04354144,-1.8596649169921875e-05,0.2,0.20419921875,-0.04024106829892844,4170,0.028370873688254507,-2.8306371569633484
404,858112,419,2119,0.001,-0.05061977729201317,0.02634448,-9.047985076904297e-05,0.2,0.164208984375,-0.03448455855250358,4180,0.016910892038140446,-2.8456528007984163
404,860160,420,2124,0.001,-0.07189946621656418,0.030833356,-3.886222839355469e-05,0.2,0.164794921875,-0.04940003150841221,4190,0.028545732609927654,-2.8479144155979155
405,862208,421,2128,0.001,-0.06631547957658768,0.029748682,-7.605552673339844e-05,0.2,0.146728515625,-0.038824505428783594,4200,0.01725690810708329,-2.841894415020943
405,864256,422,2133,0.001,-0.18102607131004333,0.121247016,-9.305160522460938,0.2,0.6673828125,-0.12236206383677199,4210,1.621910568161411e-06,-2.8132412791252137
405,866304,423,2138,0.001,-0.04004352539777756,0.025654841,-2.5033950805664062e-05,0.2,0.1517578125,-0.027118928797426632,4220,0.03407001364976168,-2.8407719850540163
405,868352,424,2142,0.001,-0.06341453641653061,0.026072925,-0.0002105236053466797,0.2,0.152734375,-0.031098149293393364,4230,0.008487659858656117,-2.8379421532154083
405,870400,425,2147,0.001,-0.178880512714386,0.16241466,-6.8444342613220215,0.2,0.690576171875,-0.12351914698956534,4240,8.787802741494488e-07,-2.79419606924057
405,872448,426,2151,0.001,-0.043258897960186005,0.051598325,-8.320808410644531e-05,0.2,0.301806640625,-0.01925931841833517,4250,0.006771972270962578,-2.8247825890779494
405,874496,427,2156,0.001,-0.17938219010829926,0.15322922,-9.116368293762207,0.2,0.696533203125,-0.12518797030206769,4260,4.630039672548492e-07,-2.79235355257988
405,876544,428,2161,0.001,-0.037628669291734695,0.033767957,-2.6226043701171875e-06,0.2,0.22626953125,-0.046062846935819836,4270,0.1006208895239979,-2.8208587646484373
405,878592,429,2165,0.001,-0.18129655718803406,0.14930789,-8.923771858215332,0.2,0.682763671875,-0.12521627434762195,4280,4.457570071281225e-06,-2.7937805861234666
405,880640,430,2170,0.001,-0.06792639195919037,0.029263679,-0.00025725364685058594,0.2,0.196484375,-0.027261751040350647,4290,0.008492290991125629,-2.833207109570503
405,882688,431,2174,0.001,-0.055413149297237396,0.020851362,-0.00015652179718017578,0.2,0.1392578125,-0.026018020673654975,4300,0.008443077586707658,-2.8331378966569902
406,884736,432,2179,0.001,-0.052225224673748016,0.013037536,-0.00013720989227294922,0.2,0.162255859375,-0.024721803108695893,4310,0.008417104231921258,-2.8417825907468797
406,886784,433,2183,0.001,-0.04629382863640785,0.013095569,-8.189678192138672e-05,0.2,0.089794921875,-0.024162288615480067,4320,0.008470538530673366,-2.8568500608205794
406,888832,434,2188,0.001,-0.051682837307453156,0.019665899,-9.5367431640625e-06,0.2,0.12919921875,-0.03976717897458002,4330,0.04927483189385384,-2.8496831208467484
406,890880,435,2193,0.001,-0.06675749272108078,0.02604292,-6.949901580810547e-05,0.2,0.17724609375,-0.048632929427549244,4340,0.025439844734501095,-2.8485663145780564
406,892928,436,2197,0.001,-0.052314598113298416,0.026148817,-1.4424324035644531e-05,0.2,0.149853515625,-0.049106540926732126,4350,0.05526237902231514,-2.8481364816427233
406,894976,437,2201,0.001,-0.06344251334667206,0.022995636,-9.143352508544922e-05,0.2,0.14423828125,-0.0383104415028356,4360,0.016948647442040964,-2.84909608066082
406,897024,438,2206,0.001,-0.054809775203466415,0.030320365,-2.1338462829589844e-05,0.2,0.150146484375,-0.04716770821250975,4370,0.056860859203152356,-2.840985408425331
406,899072,439,2210,0.001,-0.056775517761707306,0.029486317,-0.00018155574798583984,0.2,0.17568359375,-0.045179565937723966,4380,0.02549250004813075,-2.846479278802872
406,901120,440,2215,0.001,-0.059273406863212585,0.03494706,-1.633167266845703e-05,0.2,0.183984375,-0.05420973660657182,4390,0.0723948690108955,-2.8393913209438324
406,903168,441,2219,0.001,-0.18336693942546844,0.13122562,-4.749301433563232,0.2,0.668994140625,-0.12784966395702213,4400,6.6973197121456e-06,-2.8071799516677856
407,905216,442,2224,0.001,-0.05925259366631508,0.024086498,-0.0001068115234375,0.2,0.171142578125,-0.028380529140122235,4410,0.008492939370626118,-2.827937364578247
407,907264,443,2228,0.001,-0.16696150600910187,0.1484236,-3.6861138343811035,0.2,0.6681640625,-0.11601394361350685,4420,9.400872166054342e-07,-2.787418010830879
407,909312,444,2232,0.001,-0.06672078371047974,0.028107708,-3.4689903259277344e-05,0.2,0.19931640625,-0.03608555218670517,4430,0.015928182599600403,-2.825934848189354
407,911360,445,2237,0.001,-0.1715429276227951,0.15416163,-11.007926940917969,0.2,0.64384765625,-0.11754484886769205,4440,7.068050940972626e-07,-2.7996216267347336
407,913408,446,2241,0.001,-0.04262778162956238,0.022377465,-6.687641143798828e-05,0.2,0.165380859375,-0.029389460769016294,4450,0.00849205047416035,-2.8157068729400634
407,915456,447,2245,0.001,-0.06867009401321411,0.04165562,-3.0040740966796875e-05,0.2,0.243701171875,-0.04918557617347687,4460,0.03209686556365341,-2.8185849994421006
407,917504,448,2250,0.001,-0.17647956311702728,0.13812208,-1.64756178855896,0.2,0.7044921875,-0.12668870347552003,4470,2.564266943494431e-06,-2.7853114902973175
407,919552,449,2254,0.001,-0.17840977013111115,0.16610831,-8.405040740966797,0.2,0.721044921875,-0.1275002850452438,4480,6.721280804811159e-07,-2.760275736451149
407,921600,450,2259,0.001,-0.17487065494060516,0.174072,-7.298347473144531,0.2,0.727734375,-0.1245681912638247,4490,4.297135212993908e-07,-2.7327316075563433
408,923648,451,2263,0.001,-0.17854084074497223,0.19202107,-5.7628045082092285,0.2,0.757958984375,-0.1298825119214598,4500,2.524999311859233e-07,-2.723712834715843
408,925696,452,2267,0.001,-0.17766141891479492,0.2063283,-7.96733283996582,0.2,0.754150390625,-0.13007261644816026,4510,1.7056974028761828e-07,-2.7152817130088804
408,927744,453,2272,0.001,-0.17863407731056213,0.2043989,-11.696145057678223,0.2,0.76181640625,-0.1264059210603591,4520,1.0108391736984857e-07,-2.712328940629959
408,929792,454,2276,0.001,-0.1828988492488861,0.20513287,-7.842219352722168,0.2,0.75517578125,-0.12937673835549504,4530,8.470818033678995e-08,-2.7151099026203154
408,931840,455,2281,0.001,-0.16053594648838043,0.16190147,-6.928558349609375,0.2,0.739892578125,-0.11599495088448748,4540,4.869094738513269e-08,-2.7106238186359404
408,933888,456,2285,0.001,-0.17825105786323547,0.18458174,-4.321780681610107,0.2,0.755712890625,-0.13170054925139993,4550,3.5419081612086956e-08,-2.712056317925453
408,935936,457,2289,0.001,-0.18020765483379364,0.20095088,-5.475162506103516,0.2,0.769775390625,-0.13110756989335642,4560,4.727732554332675e-08,-2.705807203054428
408,937984,458,2294,0.001,-0.17711447179317474,0.19937184,-6.556501388549805,0.2,0.769189453125,-0.1287202098988928,4570,2.2119750509030923e-08,-2.6804244756698608
408,940032,459,2298,0.001,-0.1708993911743164,0.19966784,-7.682382583618164,0.2,0.75888671875,-0.12066856555175036,4580,4.234005080983039e-08,-2.6596928268671034
409,942080,460,2302,0.001,-0.014387540519237518,0.04734433,-2.384185791015625e-07,0.2,0.28759765625,-0.035394385596737264,4590,0.09700262062251568,-2.761890235543251
409,944128,461,2307,0.001,-0.06453993171453476,0.050502565,-0.0015450716018676758,0.2,0.258251953125,-0.030973268498200923,4600,0.008565267860831227,-2.7895925283432006
409,946176,462,2312,0.001,-0.04697246477007866,0.03104892,-0.0001634359359741211,0.2,0.174267578125,-0.025882849539630114,4610,0.034061953384662044,-2.796935299038887
409,948224,463,2316,0.001,-0.00894443690776825,0.034157827,-3.3974647521972656e-05,0.2,0.224072265625,-0.0481397857889533,4620,0.12032328639179468,-2.823817306756973
409,950272,464,2321,0.001,0.00040531158447265625,0.04802931,-2.968311309814453e-05,0.2,0.235400390625,-0.05907467845827341,4630,0.14704561000689864,-2.8180882036685944
409,952320,465,2325,0.001,-0.01808643341064453,0.034083426,-2.5153160095214844e-05,0.2,0.187109375,-0.0504547682008706,4640,0.14727296065539122,-2.8264005452394487
409,954368,466,2329,0.001,-0.04676924645900726,0.035000846,-5.698204040527344e-05,0.2,0.213134765625,-0.05255231571500189,4650,0.08388935206457973,-2.8318544536828996
409,956416,467,2334,0.001,-0.04830997437238693,0.03682091,-5.3763389587402344e-05,0.2,0.19404296875,-0.043402414870797656,4660,0.050021734181791545,-2.822204965353012
409,958464,468,2338,0.001,-0.0598166324198246,0.0371621,-4.291534423828125e-05,0.2,0.19794921875,-0.045131415408104655,4670,0.06254558814689518,-2.8174737691879272
410,960512,469,2342,0.001,-0.17088837921619415,0.15089896,-11.009079933166504,0.2,0.682568359375,-0.12349757918855175,4680,2.506277139957547e-06,-2.7839055389165877
410,962560,470,2346,0.001,-0.03043186664581299,0.0415938,-2.2292137145996094e-05,0.2,0.195703125,-0.0374086755560711,4690,0.06758038233965635,-2.804676803946495
410,964608,471,2351,0.001,-0.014790527522563934,0.034595117,-8.20159912109375e-05,0.2,0.224560546875,-0.0421507331659086,4700,0.08143435537349433,-2.817900371551514
410,966656,472,2356,0.001,-0.029909193515777588,0.04744322,-4.017353057861328e-05,0.2,0.27021484375,-0.05693103501107544,4710,0.09828530661761761,-2.8101281225681305
410,968704,473,2360,0.001,-0.039843667298555374,0.040605903,-4.2557716369628906e-05,0.2,0.216650390625,-0.04872943384107202,4720,0.08614743240177632,-2.816777917742729
410,970752,474,2364,0.001,-0.035391271114349365,0.025774673,-6.663799285888672e-05,0.2,0.16728515625,-0.03834452136652544,4730,0.06774173465091735,-2.8251721054315566
410,972800,475,2368,0.001,-0.06030374765396118,0.04133399,-3.7670135498046875e-05,0.2,0.18701171875,-0.042832564783748237,4740,0.052407528506591916,-2.8290099024772646
410,974848,476,2373,0.001,-0.0602387934923172,0.023038192,-7.700920104980469e-05,0.2,0.12041015625,-0.03287010587519035,4750,0.014457575394771993,-2.8359087109565735
410,976896,477,2377,0.001,-0.04890536516904831,0.030955257,-2.002716064453125e-05,0.2,0.170166015625,-0.0491873191378545,4760,0.04709025267511606,-2.8373948693275453
410,978944,478,2382,0.001,-0.05162907391786575,0.02075934,-0.00016927719116210938,0.2,0.139599609375,-0.028075965493917464,4770,0.011024794355762424,-2.844410187005997
411,980992,479,2386,0.001,-0.04916364699602127,0.037718505,-1.0848045349121094e-05,0.2,0.2052734375,-0.04992074120091274,4780,0.07002928396686911,-2.8393779188394546
411,983040,480,2390,0.001,-0.047497205436229706,0.0246799,-2.658367156982422e-05,0.2,0.15595703125,-0.03795035008806735,4790,0.04918446117080748,-2.839042177796364
411,985088,481,2395,0.001,-0.06099402904510498,0.019903962,-7.653236389160156e-05,0.2,0.121923828125,-0.03299582392210141,4800,0.015006460284348577,-2.841903495788574
411,987136,482,2399,0.001,-0.05179387703537941,0.03203693,-1.430511474609375e-05,0.2,0.192431640625,-0.04753170367330313,4810,0.055235939123667775,-2.836253234744072
411,989184,483,2403,0.001,0.05256734788417816,0.028307304,-4.172325134277344e-06,0.2,0.156787109375,-0.04632663606316782,4820,0.2874667100608349,-2.8307176530361176
411,991232,484,2408,0.001,-0.04522287845611572,0.044934027,-4.649162292480469e-05,0.2,0.244873046875,-0.06526337629184127,4830,0.12645930210128425,-2.8255117028951644
411,993280,485,2412,0.001,-0.05355176329612732,0.041606143,-3.8504600524902344e-05,0.2,0.226416015625,-0.05647310990607366,4840,0.08558124145492911,-2.826780503988266
411,995328,486,2417,0.001,-0.057024240493774414,0.025540225,-3.838539123535156e-05,0.2,0.148828125,-0.038241904450114814,4850,0.042359892698004845,-2.836692067980766
411,997376,487,2421,0.001,-0.061346616595983505,0.026364729,-8.118152618408203e-05,0.2,0.150732421875,-0.03750194981112145,4860,0.01716053770505823,-2.83855781853199
411,999424,488,2425,0.001,-0.06534380465745926,0.030407447,-1.9431114196777344e-05,0.2,0.1748046875,-0.05240230502095074,4870,0.048689354909583926,-2.835806745290756
412,1001472,489,2430,0.001,-0.062486592680215836,0.019002313,-0.00014972686767578125,0.2,0.15556640625,-0.027294332871679216,4880,0.008463151258183643,-2.83888555765152
