episode,time_step,action,lives,reward,score
1,1,2,0,0.0,0.0
1,2,3,0,0.0,0.0
1,3,2,0,0.0,0.0
1,4,1,0,0.0,0.0
1,5,1,0,0.0,0.0
1,6,2,0,0.0,0.0
1,7,0,0,0.0,0.0
1,8,11,0,0.0,0.0
1,9,2,0,0.0,0.0
1,10,1,0,0.0,0.0
1,11,2,0,0.0,0.0
1,12,0,0,0.0,0.0
1,13,9,0,0.0,0.0
1,14,11,0,0.0,0.0
1,15,13,0,0.0,0.0
1,16,13,0,0.0,0.0
1,17,2,0,1.0,1.0
1,18,2,0,0.0,1.0
1,19,7,0,0.0,1.0
1,20,2,0,0.0,1.0
1,21,2,0,0.0,1.0
1,22,7,0,0.0,1.0
1,23,2,0,0.0,1.0
1,24,2,0,0.0,1.0
1,25,2,0,0.0,1.0
1,26,2,0,0.0,1.0
1,27,6,0,0.0,1.0
1,28,2,0,0.0,1.0
1,29,6,0,0.0,1.0
1,30,6,0,0.0,1.0
1,31,2,0,0.0,1.0
1,32,2,0,0.0,1.0
1,33,6,0,0.0,1.0
1,34,2,0,0.0,1.0
1,35,2,0,0.0,1.0
1,36,2,0,0.0,1.0
1,37,2,0,0.0,1.0
1,38,2,0,0.0,1.0
1,39,2,0,0.0,1.0
1,40,2,0,0.0,1.0
1,41,2,0,0.0,1.0
1,42,2,0,0.0,1.0
1,43,7,0,0.0,1.0
1,44,7,0,0.0,1.0
1,45,7,0,0.0,1.0
1,46,7,0,0.0,1.0
1,47,7,0,0.0,1.0
1,48,10,0,0.0,1.0
1,49,2,0,0.0,1.0
1,50,10,0,0.0,1.0
1,51,2,0,0.0,1.0
1,52,2,0,0.0,1.0
1,53,13,0,0.0,1.0
1,54,7,0,0.0,1.0
1,55,2,0,0.0,1.0
1,56,2,0,0.0,1.0
1,57,2,0,0.0,1.0
1,58,7,0,0.0,1.0
1,59,10,0,0.0,1.0
1,60,2,0,0.0,1.0
1,61,11,0,0.0,1.0
1,62,2,0,0.0,1.0
1,63,2,0,0.0,1.0
1,64,2,0,0.0,1.0
1,65,2,0,0.0,1.0
1,66,8,0,0.0,1.0
1,67,2,0,0.0,1.0
1,68,2,0,0.0,1.0
1,69,2,0,0.0,1.0
1,70,10,0,0.0,1.0
1,71,2,0,0.0,1.0
1,72,3,0,0.0,1.0
1,73,2,0,0.0,1.0
1,74,2,0,0.0,1.0
1,75,2,0,0.0,1.0
1,76,2,0,0.0,1.0
1,77,4,0,0.0,1.0
1,78,2,0,0.0,1.0
1,79,4,0,0.0,1.0
1,80,2,0,0.0,1.0
1,81,2,0,0.0,1.0
1,82,2,0,0.0,1.0
1,83,2,0,0.0,1.0
1,84,1,0,0.0,1.0
1,85,2,0,0.0,1.0
1,86,2,0,0.0,1.0
1,87,3,0,0.0,1.0
1,88,2,0,0.0,1.0
1,89,10,0,0.0,1.0
1,90,2,0,0.0,1.0
1,91,2,0,0.0,1.0
1,92,1,0,0.0,1.0
1,93,5,0,0.0,1.0
1,94,2,0,0.0,1.0
1,95,2,0,0.0,1.0
1,96,10,0,0.0,1.0
1,97,5,0,0.0,1.0
1,98,2,0,0.0,1.0
1,99,2,0,0.0,1.0
1,100,2,0,0.0,1.0
1,101,2,0,0.0,1.0
1,102,2,0,0.0,1.0
1,103,2,0,0.0,1.0
1,104,2,0,0.0,1.0
1,105,2,0,0.0,1.0
1,106,2,0,0.0,1.0
1,107,2,0,0.0,1.0
1,108,3,0,0.0,1.0
1,109,3,0,0.0,1.0
1,110,2,0,0.0,1.0
1,111,2,0,0.0,1.0
1,112,2,0,0.0,1.0
1,113,2,0,0.0,1.0
1,114,2,0,0.0,1.0
1,115,1,0,0.0,1.0
1,116,2,0,0.0,1.0
1,117,1,0,0.0,1.0
1,118,2,0,0.0,1.0
1,119,2,0,0.0,1.0
1,120,7,0,0.0,1.0
1,121,2,0,0.0,1.0
1,122,2,0,0.0,1.0
1,123,2,0,0.0,1.0
1,124,2,0,0.0,1.0
1,125,2,0,0.0,1.0
1,126,7,0,0.0,1.0
1,127,2,0,0.0,1.0
1,128,4,0,0.0,1.0
1,129,2,0,0.0,1.0
1,130,2,0,0.0,1.0
1,131,10,0,0.0,1.0
1,132,2,0,0.0,1.0
1,133,2,0,0.0,1.0
1,134,2,0,0.0,1.0
1,135,2,0,0.0,1.0
1,136,2,0,0.0,1.0
1,137,2,0,0.0,1.0
1,138,2,0,0.0,1.0
1,139,2,0,0.0,1.0
1,140,2,0,0.0,1.0
1,141,10,0,0.0,1.0
1,142,3,0,0.0,1.0
1,143,2,0,0.0,1.0
1,144,2,0,0.0,1.0
1,145,2,0,0.0,1.0
1,146,0,0,0.0,1.0
1,147,2,0,0.0,1.0
1,148,2,0,0.0,1.0
1,149,13,0,0.0,1.0
1,150,8,0,0.0,1.0
1,151,2,0,0.0,1.0
1,152,2,0,0.0,1.0
1,153,8,0,0.0,1.0
1,154,2,0,0.0,1.0
1,155,2,0,0.0,1.0
1,156,2,0,0.0,1.0
1,157,2,0,0.0,1.0
1,158,8,0,0.0,1.0
1,159,2,0,0.0,1.0
1,160,2,0,0.0,1.0
1,161,2,0,0.0,1.0
1,162,2,0,0.0,1.0
1,163,2,0,0.0,1.0
1,164,8,0,0.0,1.0
1,165,2,0,0.0,1.0
1,166,2,0,0.0,1.0
1,167,2,0,0.0,1.0
1,168,3,0,0.0,1.0
1,169,2,0,0.0,1.0
1,170,2,0,0.0,1.0
1,171,2,0,0.0,1.0
1,172,2,0,0.0,1.0
1,173,2,0,0.0,1.0
1,174,2,0,0.0,1.0
1,175,2,0,0.0,1.0
1,176,2,0,0.0,1.0
1,177,2,0,0.0,1.0
1,178,2,0,0.0,1.0
1,179,7,0,0.0,1.0
1,180,7,0,0.0,1.0
1,181,7,0,0.0,1.0
1,182,7,0,0.0,1.0
1,183,7,0,0.0,1.0
1,184,2,0,0.0,1.0
1,185,2,0,0.0,1.0
1,186,2,0,0.0,1.0
1,187,7,0,0.0,1.0
1,188,2,0,0.0,1.0
1,189,7,0,0.0,1.0
1,190,2,0,0.0,1.0
1,191,2,0,0.0,1.0
1,192,2,0,0.0,1.0
1,193,2,0,0.0,1.0
1,194,2,0,-1.0,0.0
1,195,10,0,0.0,0.0
1,196,2,0,0.0,0.0
1,197,2,0,0.0,0.0
1,198,2,0,0.0,0.0
1,199,2,0,-1.0,-1.0
1,200,2,0,0.0,-1.0
1,201,2,0,0.0,-1.0
1,202,2,0,0.0,-1.0
1,203,7,0,0.0,-1.0
1,204,7,0,-1.0,-2.0
1,205,7,0,0.0,-2.0
1,206,6,0,0.0,-2.0
1,207,6,0,0.0,-2.0
1,208,2,0,0.0,-2.0
1,209,2,0,0.0,-2.0
1,210,2,0,0.0,-2.0
1,211,6,0,0.0,-2.0
1,212,3,0,0.0,-2.0
1,213,2,0,0.0,-2.0
1,214,2,0,0.0,-2.0
1,215,4,0,0.0,-2.0
1,216,2,0,0.0,-2.0
1,217,2,0,0.0,-2.0
1,218,7,0,0.0,-2.0
1,219,2,0,0.0,-2.0
1,220,7,0,0.0,-2.0
1,221,6,0,0.0,-2.0
1,222,10,0,0.0,-2.0
1,223,2,0,0.0,-2.0
1,224,1,0,0.0,-2.0
1,225,2,0,0.0,-2.0
1,226,2,0,0.0,-2.0
1,227,7,0,0.0,-2.0
1,228,2,0,0.0,-2.0
1,229,2,0,0.0,-2.0
1,230,2,0,0.0,-2.0
1,231,7,0,0.0,-2.0
1,232,12,0,0.0,-2.0
1,233,2,0,0.0,-2.0
1,234,11,0,0.0,-2.0
1,235,2,0,0.0,-2.0
1,236,2,0,0.0,-2.0
1,237,2,0,0.0,-2.0
1,238,2,0,0.0,-2.0
1,239,1,0,0.0,-2.0
1,240,2,0,0.0,-2.0
1,241,2,0,0.0,-2.0
1,242,0,0,0.0,-2.0
1,243,2,0,0.0,-2.0
1,244,2,0,0.0,-2.0
1,245,2,0,0.0,-2.0
1,246,2,0,0.0,-2.0
1,247,2,0,0.0,-2.0
1,248,11,0,0.0,-2.0
1,249,8,0,0.0,-2.0
1,250,2,0,0.0,-2.0
1,251,2,0,0.0,-2.0
1,252,2,0,0.0,-2.0
1,253,2,0,0.0,-2.0
1,254,2,0,0.0,-2.0
1,255,2,0,0.0,-2.0
1,256,10,0,0.0,-2.0
1,257,2,0,0.0,-2.0
1,258,2,0,0.0,-2.0
1,259,2,0,0.0,-2.0
1,260,2,0,0.0,-2.0
1,261,7,0,0.0,-2.0
1,262,2,0,0.0,-2.0
1,263,2,0,0.0,-2.0
1,264,1,0,0.0,-2.0
1,265,2,0,0.0,-2.0
1,266,8,0,0.0,-2.0
1,267,2,0,0.0,-2.0
1,268,2,0,0.0,-2.0
1,269,2,0,0.0,-2.0
1,270,2,0,0.0,-2.0
1,271,2,0,0.0,-2.0
1,272,2,0,0.0,-2.0
1,273,10,0,0.0,-2.0
1,274,4,0,0.0,-2.0
1,275,2,0,0.0,-2.0
1,276,2,0,0.0,-2.0
1,277,2,0,0.0,-2.0
1,278,5,0,0.0,-2.0
1,279,2,0,0.0,-2.0
1,280,2,0,0.0,-2.0
1,281,2,0,0.0,-2.0
1,282,2,0,0.0,-2.0
1,283,13,0,0.0,-2.0
1,284,3,0,0.0,-2.0
1,285,2,0,0.0,-2.0
1,286,2,0,0.0,-2.0
1,287,2,0,0.0,-2.0
1,288,2,0,0.0,-2.0
1,289,2,0,0.0,-2.0
1,290,13,0,0.0,-2.0
1,291,4,0,0.0,-2.0
1,292,2,0,0.0,-2.0
1,293,2,0,0.0,-2.0
1,294,2,0,0.0,-2.0
1,295,2,0,0.0,-2.0
1,296,4,0,0.0,-2.0
1,297,2,0,0.0,-2.0
1,298,2,0,0.0,-2.0
1,299,2,0,0.0,-2.0
1,300,2,0,0.0,-2.0
1,301,2,0,0.0,-2.0
1,302,2,0,0.0,-2.0
1,303,2,0,0.0,-2.0
1,304,2,0,0.0,-2.0
1,305,8,0,0.0,-2.0
1,306,2,0,0.0,-2.0
1,307,2,0,0.0,-2.0
1,308,2,0,0.0,-2.0
1,309,11,0,0.0,-2.0
1,310,2,0,0.0,-2.0
1,311,2,0,0.0,-2.0
1,312,2,0,0.0,-2.0
1,313,6,0,0.0,-2.0
1,314,2,0,0.0,-2.0
1,315,11,0,0.0,-2.0
1,316,2,0,0.0,-2.0
1,317,5,0,0.0,-2.0
1,318,3,0,0.0,-2.0
1,319,4,0,0.0,-2.0
1,320,7,0,0.0,-2.0
1,321,2,0,0.0,-2.0
1,322,2,0,0.0,-2.0
1,323,2,0,0.0,-2.0
1,324,2,0,0.0,-2.0
1,325,4,0,0.0,-2.0
1,326,2,0,0.0,-2.0
1,327,2,0,0.0,-2.0
1,328,2,0,0.0,-2.0
1,329,2,0,0.0,-2.0
1,330,2,0,0.0,-2.0
1,331,2,0,0.0,-2.0
1,332,2,0,0.0,-2.0
1,333,2,0,0.0,-2.0
1,334,2,0,0.0,-2.0
1,335,2,0,0.0,-2.0
1,336,2,0,0.0,-2.0
1,337,2,0,0.0,-2.0
1,338,2,0,0.0,-2.0
1,339,2,0,0.0,-2.0
1,340,12,0,0.0,-2.0
1,341,2,0,0.0,-2.0
1,342,10,0,0.0,-2.0
1,343,2,0,0.0,-2.0
1,344,7,0,0.0,-2.0
1,345,13,0,0.0,-2.0
1,346,2,0,0.0,-2.0
1,347,3,0,0.0,-2.0
1,348,2,0,0.0,-2.0
1,349,2,0,0.0,-2.0
1,350,2,0,0.0,-2.0
1,351,2,0,0.0,-2.0
1,352,2,0,0.0,-2.0
1,353,2,0,0.0,-2.0
1,354,2,0,0.0,-2.0
1,355,2,0,0.0,-2.0
1,356,2,0,0.0,-2.0
1,357,2,0,0.0,-2.0
1,358,2,0,0.0,-2.0
1,359,2,0,0.0,-2.0
1,360,2,0,0.0,-2.0
1,361,6,0,0.0,-2.0
1,362,5,0,0.0,-2.0
1,363,6,0,0.0,-2.0
1,364,2,0,0.0,-2.0
1,365,2,0,0.0,-2.0
1,366,11,0,0.0,-2.0
1,367,2,0,0.0,-2.0
1,368,2,0,0.0,-2.0
1,369,10,0,0.0,-2.0
1,370,11,0,0.0,-2.0
1,371,2,0,0.0,-2.0
1,372,2,0,0.0,-2.0
1,373,2,0,0.0,-2.0
1,374,2,0,0.0,-2.0
1,375,2,0,0.0,-2.0
1,376,2,0,0.0,-2.0
1,377,2,0,0.0,-2.0
1,378,2,0,0.0,-2.0
1,379,2,0,0.0,-2.0
1,380,2,0,0.0,-2.0
1,381,2,0,0.0,-2.0
1,382,2,0,0.0,-2.0
1,383,6,0,0.0,-2.0
1,384,0,0,0.0,-2.0
1,385,2,0,0.0,-2.0
1,386,2,0,0.0,-2.0
1,387,10,0,0.0,-2.0
1,388,2,0,0.0,-2.0
1,389,2,0,1.0,-1.0
1,390,2,0,0.0,-1.0
1,391,4,0,0.0,-1.0
1,392,2,0,0.0,-1.0
1,393,2,0,0.0,-1.0
1,394,2,0,0.0,-1.0
1,395,2,0,0.0,-1.0
1,396,2,0,0.0,-1.0
1,397,2,0,0.0,-1.0
1,398,2,0,0.0,-1.0
1,399,2,0,0.0,-1.0
1,400,2,0,0.0,-1.0
1,401,2,0,0.0,-1.0
1,402,2,0,0.0,-1.0
1,403,2,0,0.0,-1.0
1,404,7,0,0.0,-1.0
1,405,2,0,0.0,-1.0
1,406,2,0,0.0,-1.0
1,407,8,0,0.0,-1.0
1,408,2,0,0.0,-1.0
1,409,2,0,0.0,-1.0
1,410,2,0,0.0,-1.0
1,411,3,0,0.0,-1.0
1,412,2,0,0.0,-1.0
1,413,7,0,0.0,-1.0
1,414,2,0,0.0,-1.0
1,415,8,0,0.0,-1.0
1,416,5,0,0.0,-1.0
1,417,2,0,0.0,-1.0
1,418,4,0,0.0,-1.0
1,419,2,0,0.0,-1.0
1,420,2,0,0.0,-1.0
1,421,2,0,0.0,-1.0
1,422,2,0,0.0,-1.0
1,423,8,0,0.0,-1.0
1,424,2,0,0.0,-1.0
1,425,3,0,0.0,-1.0
1,426,3,0,0.0,-1.0
1,427,2,0,0.0,-1.0
1,428,11,0,0.0,-1.0
1,429,3,0,0.0,-1.0
1,430,2,0,0.0,-1.0
1,431,2,0,0.0,-1.0
1,432,2,0,0.0,-1.0
1,433,7,0,0.0,-1.0
1,434,2,0,0.0,-1.0
1,435,2,0,0.0,-1.0
1,436,2,0,0.0,-1.0
1,437,2,0,0.0,-1.0
1,438,11,0,0.0,-1.0
1,439,2,0,-1.0,-2.0
1,440,2,0,0.0,-2.0
1,441,11,0,0.0,-2.0
1,442,2,0,0.0,-2.0
1,443,2,0,0.0,-2.0
1,444,0,0,0.0,-2.0
1,445,3,0,0.0,-2.0
1,446,6,0,0.0,-2.0
1,447,2,0,0.0,-2.0
1,448,2,0,0.0,-2.0
1,449,2,0,0.0,-2.0
1,450,2,0,0.0,-2.0
1,451,2,0,0.0,-2.0
1,452,2,0,0.0,-2.0
1,453,2,0,0.0,-2.0
1,454,2,0,0.0,-2.0
1,455,3,0,0.0,-2.0
1,456,2,0,0.0,-2.0
1,457,2,0,0.0,-2.0
1,458,2,0,0.0,-2.0
1,459,4,0,0.0,-2.0
1,460,2,0,0.0,-2.0
1,461,7,0,0.0,-2.0
1,462,2,0,0.0,-2.0
1,463,3,0,0.0,-2.0
1,464,2,0,0.0,-2.0
1,465,3,0,0.0,-2.0
1,466,3,0,0.0,-2.0
1,467,2,0,0.0,-2.0
1,468,2,0,0.0,-2.0
1,469,2,0,0.0,-2.0
1,470,2,0,0.0,-2.0
1,471,3,0,0.0,-2.0
1,472,2,0,0.0,-2.0
1,473,11,0,0.0,-2.0
1,474,2,0,0.0,-2.0
1,475,3,0,0.0,-2.0
1,476,3,0,0.0,-2.0
1,477,2,0,0.0,-2.0
1,478,4,0,0.0,-2.0
1,479,2,0,0.0,-2.0
1,480,2,0,0.0,-2.0
1,481,2,0,0.0,-2.0
1,482,2,0,0.0,-2.0
1,483,10,0,0.0,-2.0
1,484,2,0,0.0,-2.0
1,485,2,0,-1.0,-3.0
1,486,2,0,0.0,-3.0
1,487,2,0,0.0,-3.0
1,488,2,0,0.0,-3.0
1,489,9,0,0.0,-3.0
1,490,11,0,0.0,-3.0
1,491,2,0,0.0,-3.0
1,492,7,0,0.0,-3.0
1,493,2,0,0.0,-3.0
1,494,2,0,0.0,-3.0
1,495,2,0,0.0,-3.0
1,496,1,0,0.0,-3.0
1,497,2,0,0.0,-3.0
1,498,3,0,0.0,-3.0
1,499,2,0,0.0,-3.0
1,500,1,0,0.0,-3.0
2,1,3,0,0.0,0.0
2,2,13,0,0.0,0.0
2,3,2,0,0.0,0.0
2,4,3,0,0.0,0.0
2,5,1,0,0.0,0.0
2,6,1,0,0.0,0.0
2,7,14,0,0.0,0.0
2,8,4,0,0.0,0.0
2,9,5,0,0.0,0.0
2,10,4,0,0.0,0.0
2,11,7,0,0.0,0.0
2,12,2,0,0.0,0.0
2,13,7,0,0.0,0.0
2,14,5,0,0.0,0.0
2,15,3,0,0.0,0.0
2,16,5,0,0.0,0.0
2,17,2,0,0.0,0.0
2,18,2,0,0.0,0.0
2,19,3,0,0.0,0.0
2,20,2,0,0.0,0.0
2,21,3,0,0.0,0.0
2,22,5,0,0.0,0.0
2,23,2,0,0.0,0.0
2,24,7,0,0.0,0.0
2,25,7,0,0.0,0.0
2,26,2,0,0.0,0.0
2,27,3,0,0.0,0.0
2,28,3,0,0.0,0.0
2,29,2,0,0.0,0.0
2,30,4,0,0.0,0.0
2,31,5,0,0.0,0.0
2,32,3,0,0.0,0.0
2,33,2,0,0.0,0.0
2,34,2,0,0.0,0.0
2,35,2,0,0.0,0.0
2,36,4,0,0.0,0.0
2,37,3,0,0.0,0.0
2,38,2,0,0.0,0.0
2,39,2,0,0.0,0.0
2,40,2,0,0.0,0.0
2,41,2,0,0.0,0.0
2,42,2,0,0.0,0.0
2,43,6,0,0.0,0.0
2,44,2,0,0.0,0.0
2,45,12,0,-1.0,-1.0
2,46,13,0,0.0,-1.0
2,47,5,0,0.0,-1.0
2,48,2,0,0.0,-1.0
2,49,2,0,0.0,-1.0
2,50,2,0,0.0,-1.0
2,51,2,0,0.0,-1.0
2,52,2,0,0.0,-1.0
2,53,5,0,0.0,-1.0
2,54,2,0,0.0,-1.0
2,55,5,0,0.0,-1.0
2,56,2,0,0.0,-1.0
2,57,2,0,0.0,-1.0
2,58,1,0,0.0,-1.0
2,59,4,0,0.0,-1.0
2,60,3,0,0.0,-1.0
2,61,3,0,0.0,-1.0
2,62,3,0,0.0,-1.0
2,63,2,0,0.0,-1.0
2,64,5,0,0.0,-1.0
2,65,3,0,0.0,-1.0
2,66,2,0,0.0,-1.0
2,67,2,0,0.0,-1.0
2,68,10,0,0.0,-1.0
2,69,2,0,0.0,-1.0
2,70,2,0,1.0,0.0
2,71,11,0,0.0,0.0
2,72,2,0,0.0,0.0
2,73,2,0,0.0,0.0
2,74,2,0,0.0,0.0
2,75,2,0,0.0,0.0
2,76,11,0,0.0,0.0
2,77,3,0,0.0,0.0
2,78,2,0,0.0,0.0
2,79,2,0,0.0,0.0
2,80,2,0,0.0,0.0
2,81,2,0,0.0,0.0
2,82,2,0,0.0,0.0
2,83,1,0,0.0,0.0
2,84,2,0,0.0,0.0
2,85,2,0,0.0,0.0
2,86,2,0,0.0,0.0
2,87,2,0,0.0,0.0
2,88,2,0,0.0,0.0
2,89,2,0,0.0,0.0
2,90,4,0,0.0,0.0
2,91,13,0,0.0,0.0
2,92,7,0,0.0,0.0
2,93,2,0,0.0,0.0
2,94,2,0,0.0,0.0
2,95,2,0,0.0,0.0
2,96,2,0,0.0,0.0
2,97,3,0,0.0,0.0
2,98,3,0,0.0,0.0
2,99,2,0,0.0,0.0
2,100,4,0,0.0,0.0
2,101,5,0,0.0,0.0
2,102,2,0,0.0,0.0
2,103,4,0,0.0,0.0
2,104,3,0,0.0,0.0
2,105,3,0,0.0,0.0
2,106,5,0,0.0,0.0
2,107,4,0,0.0,0.0
2,108,5,0,0.0,0.0
2,109,8,0,0.0,0.0
2,110,2,0,0.0,0.0
2,111,2,0,0.0,0.0
2,112,2,0,0.0,0.0
2,113,2,0,0.0,0.0
2,114,2,0,0.0,0.0
2,115,5,0,0.0,0.0
2,116,2,0,0.0,0.0
2,117,4,0,0.0,0.0
2,118,5,0,0.0,0.0
2,119,2,0,0.0,0.0
2,120,2,0,0.0,0.0
2,121,2,0,0.0,0.0
2,122,5,0,0.0,0.0
2,123,9,0,0.0,0.0
2,124,8,0,0.0,0.0
2,125,2,0,0.0,0.0
2,126,2,0,0.0,0.0
2,127,2,0,0.0,0.0
2,128,7,0,0.0,0.0
2,129,4,0,0.0,0.0
2,130,2,0,0.0,0.0
2,131,2,0,0.0,0.0
2,132,8,0,0.0,0.0
2,133,8,0,0.0,0.0
2,134,3,0,0.0,0.0
2,135,3,0,0.0,0.0
2,136,3,0,0.0,0.0
2,137,10,0,0.0,0.0
2,138,4,0,0.0,0.0
2,139,2,0,0.0,0.0
2,140,4,0,0.0,0.0
2,141,2,0,-1.0,-1.0
2,142,3,0,0.0,-1.0
2,143,4,0,0.0,-1.0
2,144,5,0,0.0,-1.0
2,145,2,0,0.0,-1.0
2,146,5,0,0.0,-1.0
2,147,11,0,0.0,-1.0
2,148,2,0,0.0,-1.0
2,149,2,0,0.0,-1.0
2,150,6,0,0.0,-1.0
2,151,2,0,0.0,-1.0
2,152,2,0,0.0,-1.0
2,153,8,0,0.0,-1.0
2,154,2,0,0.0,-1.0
2,155,2,0,0.0,-1.0
2,156,9,0,0.0,-1.0
2,157,2,0,0.0,-1.0
2,158,4,0,0.0,-1.0
2,159,5,0,0.0,-1.0
2,160,2,0,0.0,-1.0
2,161,2,0,0.0,-1.0
2,162,2,0,0.0,-1.0
2,163,2,0,0.0,-1.0
2,164,1,0,0.0,-1.0
2,165,2,0,-1.0,-2.0
2,166,2,0,0.0,-2.0
2,167,4,0,0.0,-2.0
2,168,2,0,0.0,-2.0
2,169,2,0,0.0,-2.0
2,170,2,0,0.0,-2.0
2,171,2,0,0.0,-2.0
2,172,4,0,0.0,-2.0
2,173,4,0,0.0,-2.0
2,174,2,0,0.0,-2.0
2,175,2,0,0.0,-2.0
2,176,2,0,0.0,-2.0
2,177,4,0,0.0,-2.0
2,178,2,0,0.0,-2.0
2,179,4,0,0.0,-2.0
2,180,4,0,0.0,-2.0
2,181,2,0,0.0,-2.0
2,182,2,0,0.0,-2.0
2,183,4,0,-1.0,-3.0
2,184,4,0,0.0,-3.0
2,185,2,0,0.0,-3.0
2,186,2,0,0.0,-3.0
2,187,2,0,0.0,-3.0
2,188,5,0,-1.0,-4.0
2,189,2,0,0.0,-4.0
2,190,5,0,0.0,-4.0
2,191,4,0,0.0,-4.0
2,192,2,0,0.0,-4.0
2,193,2,0,0.0,-4.0
2,194,2,0,-1.0,-5.0
2,195,2,0,0.0,-5.0
2,196,2,0,0.0,-5.0
2,197,2,0,0.0,-5.0
2,198,2,0,0.0,-5.0
2,199,2,0,-1.0,-6.0
2,200,2,0,0.0,-6.0
2,201,2,0,0.0,-6.0
2,202,2,0,0.0,-6.0
2,203,2,0,0.0,-6.0
2,204,4,0,-1.0,-7.0
2,205,2,0,0.0,-7.0
2,206,2,0,0.0,-7.0
2,207,2,0,0.0,-7.0
2,208,2,0,0.0,-7.0
2,209,2,0,0.0,-7.0
2,210,2,0,0.0,-7.0
2,211,2,0,0.0,-7.0
2,212,2,0,0.0,-7.0
2,213,2,0,0.0,-7.0
2,214,2,0,0.0,-7.0
2,215,2,0,0.0,-7.0
2,216,2,0,0.0,-7.0
2,217,2,0,0.0,-7.0
2,218,2,0,0.0,-7.0
2,219,2,0,0.0,-7.0
2,220,2,0,0.0,-7.0
2,221,2,0,0.0,-7.0
2,222,2,0,0.0,-7.0
2,223,2,0,0.0,-7.0
2,224,2,0,0.0,-7.0
2,225,2,0,0.0,-7.0
2,226,2,0,0.0,-7.0
2,227,2,0,0.0,-7.0
2,228,2,0,0.0,-7.0
2,229,2,0,0.0,-7.0
2,230,2,0,0.0,-7.0
2,231,2,0,0.0,-7.0
2,232,2,0,0.0,-7.0
2,233,2,0,0.0,-7.0
2,234,2,0,0.0,-7.0
2,235,2,0,0.0,-7.0
2,236,2,0,0.0,-7.0
2,237,2,0,0.0,-7.0
2,238,2,0,0.0,-7.0
2,239,2,0,0.0,-7.0
2,240,11,0,0.0,-7.0
2,241,5,0,0.0,-7.0
2,242,2,0,0.0,-7.0
2,243,2,0,0.0,-7.0
2,244,2,0,0.0,-7.0
2,245,2,0,0.0,-7.0
2,246,2,0,0.0,-7.0
2,247,2,0,0.0,-7.0
2,248,11,0,0.0,-7.0
2,249,3,0,0.0,-7.0
2,250,4,0,0.0,-7.0
2,251,2,0,0.0,-7.0
2,252,2,0,0.0,-7.0
2,253,5,0,0.0,-7.0
2,254,2,0,0.0,-7.0
2,255,2,0,0.0,-7.0
2,256,5,0,0.0,-7.0
2,257,2,0,0.0,-7.0
2,258,1,0,0.0,-7.0
2,259,2,0,0.0,-7.0
2,260,2,0,0.0,-7.0
2,261,4,0,0.0,-7.0
2,262,10,0,0.0,-7.0
2,263,2,0,0.0,-7.0
2,264,2,0,0.0,-7.0
2,265,2,0,0.0,-7.0
2,266,4,0,0.0,-7.0
2,267,2,0,0.0,-7.0
2,268,2,0,0.0,-7.0
2,269,2,0,0.0,-7.0
2,270,2,0,0.0,-7.0
2,271,2,0,0.0,-7.0
2,272,2,0,0.0,-7.0
2,273,2,0,0.0,-7.0
2,274,2,0,0.0,-7.0
2,275,2,0,0.0,-7.0
2,276,2,0,0.0,-7.0
2,277,2,0,0.0,-7.0
2,278,5,0,0.0,-7.0
2,279,2,0,0.0,-7.0
2,280,2,0,0.0,-7.0
2,281,2,0,0.0,-7.0
2,282,3,0,0.0,-7.0
2,283,2,0,0.0,-7.0
2,284,5,0,0.0,-7.0
2,285,2,0,0.0,-7.0
2,286,2,0,0.0,-7.0
2,287,2,0,0.0,-7.0
2,288,2,0,0.0,-7.0
2,289,2,0,0.0,-7.0
2,290,2,0,0.0,-7.0
2,291,4,0,0.0,-7.0
2,292,2,0,0.0,-7.0
2,293,2,0,0.0,-7.0
2,294,2,0,0.0,-7.0
2,295,2,0,0.0,-7.0
2,296,2,0,0.0,-7.0
2,297,2,0,0.0,-7.0
2,298,2,0,0.0,-7.0
2,299,2,0,0.0,-7.0
2,300,2,0,0.0,-7.0
2,301,2,0,0.0,-7.0
2,302,2,0,0.0,-7.0
2,303,2,0,0.0,-7.0
2,304,4,0,0.0,-7.0
2,305,2,0,0.0,-7.0
2,306,2,0,0.0,-7.0
2,307,2,0,0.0,-7.0
2,308,2,0,0.0,-7.0
2,309,2,0,0.0,-7.0
2,310,2,0,0.0,-7.0
2,311,2,0,0.0,-7.0
2,312,2,0,0.0,-7.0
2,313,2,0,0.0,-7.0
2,314,2,0,0.0,-7.0
2,315,4,0,0.0,-7.0
2,316,2,0,0.0,-7.0
2,317,2,0,0.0,-7.0
2,318,2,0,0.0,-7.0
2,319,2,0,0.0,-7.0
2,320,2,0,0.0,-7.0
2,321,2,0,0.0,-7.0
2,322,2,0,0.0,-7.0
2,323,2,0,0.0,-7.0
2,324,3,0,0.0,-7.0
2,325,3,0,0.0,-7.0
2,326,2,0,0.0,-7.0
2,327,2,0,0.0,-7.0
2,328,2,0,0.0,-7.0
2,329,8,0,0.0,-7.0
2,330,8,0,0.0,-7.0
2,331,2,0,0.0,-7.0
2,332,3,0,0.0,-7.0
2,333,1,0,0.0,-7.0
2,334,3,0,0.0,-7.0
2,335,2,0,0.0,-7.0
2,336,8,0,0.0,-7.0
2,337,9,0,0.0,-7.0
2,338,3,0,0.0,-7.0
2,339,4,0,0.0,-7.0
2,340,10,0,0.0,-7.0
2,341,2,0,0.0,-7.0
2,342,2,0,0.0,-7.0
2,343,2,0,0.0,-7.0
2,344,2,0,0.0,-7.0
2,345,4,0,0.0,-7.0
2,346,2,0,0.0,-7.0
2,347,2,0,0.0,-7.0
2,348,3,0,0.0,-7.0
2,349,2,0,0.0,-7.0
2,350,2,0,0.0,-7.0
2,351,2,0,0.0,-7.0
2,352,2,0,0.0,-7.0
2,353,2,0,0.0,-7.0
2,354,2,0,0.0,-7.0
2,355,2,0,0.0,-7.0
2,356,2,0,0.0,-7.0
2,357,2,0,0.0,-7.0
2,358,2,0,0.0,-7.0
2,359,2,0,0.0,-7.0
2,360,4,0,0.0,-7.0
2,361,2,0,0.0,-7.0
2,362,2,0,0.0,-7.0
2,363,2,0,0.0,-7.0
2,364,2,0,0.0,-7.0
2,365,2,0,0.0,-7.0
2,366,2,0,0.0,-7.0
2,367,2,0,0.0,-7.0
2,368,3,0,0.0,-7.0
2,369,2,0,0.0,-7.0
2,370,2,0,0.0,-7.0
2,371,4,0,0.0,-7.0
2,372,2,0,0.0,-7.0
2,373,4,0,0.0,-7.0
2,374,4,0,0.0,-7.0
2,375,2,0,0.0,-7.0
2,376,2,0,0.0,-7.0
2,377,10,0,0.0,-7.0
2,378,2,0,0.0,-7.0
2,379,3,0,0.0,-7.0
2,380,2,0,0.0,-7.0
2,381,3,0,0.0,-7.0
2,382,2,0,0.0,-7.0
2,383,2,0,0.0,-7.0
2,384,3,0,0.0,-7.0
2,385,3,0,0.0,-7.0
2,386,4,0,0.0,-7.0
2,387,2,0,0.0,-7.0
2,388,4,0,0.0,-7.0
2,389,2,0,0.0,-7.0
2,390,4,0,0.0,-7.0
2,391,4,0,0.0,-7.0
2,392,3,0,0.0,-7.0
2,393,2,0,0.0,-7.0
2,394,2,0,0.0,-7.0
2,395,6,0,0.0,-7.0
2,396,2,0,0.0,-7.0
2,397,6,0,0.0,-7.0
2,398,2,0,0.0,-7.0
2,399,10,0,0.0,-7.0
2,400,2,0,0.0,-7.0
2,401,10,0,0.0,-7.0
2,402,2,0,0.0,-7.0
2,403,3,0,0.0,-7.0
2,404,2,0,0.0,-7.0
2,405,10,0,0.0,-7.0
2,406,2,0,0.0,-7.0
2,407,3,0,0.0,-7.0
2,408,2,0,0.0,-7.0
2,409,10,0,0.0,-7.0
2,410,2,0,0.0,-7.0
2,411,3,0,0.0,-7.0
2,412,2,0,0.0,-7.0
2,413,2,0,0.0,-7.0
2,414,3,0,0.0,-7.0
2,415,2,0,0.0,-7.0
2,416,2,0,0.0,-7.0
2,417,3,0,0.0,-7.0
2,418,2,0,0.0,-7.0
2,419,2,0,0.0,-7.0
2,420,11,0,0.0,-7.0
2,421,11,0,0.0,-7.0
2,422,2,0,0.0,-7.0
2,423,2,0,0.0,-7.0
2,424,5,0,0.0,-7.0
2,425,2,0,0.0,-7.0
2,426,2,0,0.0,-7.0
2,427,2,0,0.0,-7.0
2,428,2,0,0.0,-7.0
2,429,2,0,0.0,-7.0
2,430,2,0,0.0,-7.0
2,431,2,0,0.0,-7.0
2,432,2,0,0.0,-7.0
2,433,2,0,0.0,-7.0
2,434,2,0,0.0,-7.0
2,435,1,0,0.0,-7.0
2,436,3,0,2.0,-5.0
2,437,2,0,0.0,-5.0
2,438,2,0,0.0,-5.0
2,439,3,0,0.0,-5.0
2,440,4,0,0.0,-5.0
2,441,8,0,0.0,-5.0
2,442,2,0,0.0,-5.0
2,443,3,0,0.0,-5.0
2,444,2,0,0.0,-5.0
2,445,3,0,0.0,-5.0
2,446,2,0,0.0,-5.0
2,447,4,0,0.0,-5.0
2,448,2,0,0.0,-5.0
2,449,2,0,0.0,-5.0
2,450,2,0,0.0,-5.0
2,451,2,0,0.0,-5.0
2,452,2,0,0.0,-5.0
2,453,2,0,0.0,-5.0
2,454,2,0,0.0,-5.0
2,455,2,0,0.0,-5.0
2,456,3,0,0.0,-5.0
2,457,2,0,0.0,-5.0
2,458,2,0,0.0,-5.0
2,459,3,0,0.0,-5.0
2,460,3,0,0.0,-5.0
2,461,2,0,0.0,-5.0
2,462,2,0,0.0,-5.0
2,463,2,0,0.0,-5.0
2,464,2,0,0.0,-5.0
2,465,2,0,0.0,-5.0
2,466,2,0,0.0,-5.0
2,467,2,0,0.0,-5.0
2,468,3,0,0.0,-5.0
2,469,2,0,0.0,-5.0
2,470,2,0,0.0,-5.0
2,471,7,0,0.0,-5.0
2,472,2,0,0.0,-5.0
2,473,4,0,0.0,-5.0
2,474,3,0,0.0,-5.0
2,475,3,0,0.0,-5.0
2,476,2,0,0.0,-5.0
2,477,2,0,0.0,-5.0
2,478,2,0,0.0,-5.0
2,479,2,0,0.0,-5.0
2,480,2,0,0.0,-5.0
2,481,2,0,0.0,-5.0
2,482,2,0,0.0,-5.0
2,483,3,0,0.0,-5.0
2,484,4,0,-2.0,-7.0
2,485,2,0,0.0,-7.0
2,486,9,0,0.0,-7.0
2,487,2,0,0.0,-7.0
2,488,4,0,0.0,-7.0
2,489,2,0,0.0,-7.0
2,490,2,0,0.0,-7.0
2,491,2,0,0.0,-7.0
2,492,2,0,0.0,-7.0
2,493,2,0,0.0,-7.0
2,494,2,0,0.0,-7.0
2,495,2,0,0.0,-7.0
2,496,2,0,0.0,-7.0
2,497,2,0,0.0,-7.0
2,498,2,0,0.0,-7.0
2,499,4,0,0.0,-7.0
2,500,2,0,0.0,-7.0
3,1,2,0,0.0,0.0
3,2,2,0,0.0,0.0
3,3,10,0,0.0,0.0
3,4,3,0,0.0,0.0
3,5,4,0,0.0,0.0
3,6,1,0,0.0,0.0
3,7,2,0,0.0,0.0
3,8,11,0,0.0,0.0
3,9,10,0,0.0,0.0
3,10,2,0,0.0,0.0
3,11,0,0,0.0,0.0
3,12,2,0,0.0,0.0
3,13,2,0,0.0,0.0
3,14,2,0,0.0,0.0
3,15,4,0,0.0,0.0
3,16,2,0,0.0,0.0
3,17,3,0,0.0,0.0
3,18,2,0,0.0,0.0
3,19,5,0,0.0,0.0
3,20,3,0,0.0,0.0
3,21,2,0,0.0,0.0
3,22,3,0,0.0,0.0
3,23,2,0,0.0,0.0
3,24,2,0,0.0,0.0
3,25,4,0,0.0,0.0
3,26,2,0,0.0,0.0
3,27,2,0,0.0,0.0
3,28,2,0,0.0,0.0
3,29,10,0,0.0,0.0
3,30,5,0,0.0,0.0
3,31,1,0,0.0,0.0
3,32,9,0,0.0,0.0
3,33,2,0,0.0,0.0
3,34,2,0,0.0,0.0
3,35,2,0,0.0,0.0
3,36,6,0,0.0,0.0
3,37,2,0,0.0,0.0
3,38,2,0,0.0,0.0
3,39,3,0,0.0,0.0
3,40,2,0,0.0,0.0
3,41,2,0,0.0,0.0
3,42,2,0,0.0,0.0
3,43,2,0,0.0,0.0
3,44,2,0,0.0,0.0
3,45,2,0,-1.0,-1.0
3,46,2,0,0.0,-1.0
3,47,2,0,0.0,-1.0
3,48,2,0,0.0,-1.0
3,49,2,0,0.0,-1.0
3,50,2,0,0.0,-1.0
3,51,3,0,0.0,-1.0
3,52,2,0,0.0,-1.0
3,53,3,0,0.0,-1.0
3,54,3,0,0.0,-1.0
3,55,3,0,0.0,-1.0
3,56,3,0,0.0,-1.0
3,57,3,0,0.0,-1.0
3,58,3,0,0.0,-1.0
3,59,2,0,0.0,-1.0
3,60,2,0,0.0,-1.0
3,61,6,0,0.0,-1.0
3,62,3,0,0.0,-1.0
3,63,2,0,0.0,-1.0
3,64,2,0,0.0,-1.0
3,65,4,0,0.0,-1.0
3,66,2,0,0.0,-1.0
3,67,7,0,0.0,-1.0
3,68,4,0,0.0,-1.0
3,69,3,0,0.0,-1.0
3,70,8,0,0.0,-1.0
3,71,2,0,0.0,-1.0
3,72,4,0,0.0,-1.0
3,73,3,0,0.0,-1.0
3,74,4,0,0.0,-1.0
3,75,4,0,0.0,-1.0
3,76,2,0,0.0,-1.0
3,77,2,0,0.0,-1.0
3,78,2,0,0.0,-1.0
3,79,5,0,0.0,-1.0
3,80,2,0,0.0,-1.0
3,81,2,0,0.0,-1.0
3,82,4,0,0.0,-1.0
3,83,4,0,0.0,-1.0
3,84,4,0,0.0,-1.0
3,85,4,0,0.0,-1.0
3,86,2,0,0.0,-1.0
3,87,2,0,0.0,-1.0
3,88,2,0,0.0,-1.0
3,89,2,0,0.0,-1.0
3,90,4,0,0.0,-1.0
3,91,4,0,0.0,-1.0
3,92,4,0,0.0,-1.0
3,93,4,0,0.0,-1.0
3,94,2,0,0.0,-1.0
3,95,3,0,0.0,-1.0
3,96,2,0,0.0,-1.0
3,97,2,0,0.0,-1.0
3,98,2,0,0.0,-1.0
3,99,4,0,0.0,-1.0
3,100,1,0,0.0,-1.0
3,101,2,0,0.0,-1.0
3,102,2,0,0.0,-1.0
3,103,2,0,0.0,-1.0
3,104,4,0,0.0,-1.0
3,105,2,0,0.0,-1.0
3,106,2,0,0.0,-1.0
3,107,2,0,0.0,-1.0
3,108,2,0,0.0,-1.0
3,109,2,0,0.0,-1.0
3,110,2,0,0.0,-1.0
3,111,3,0,0.0,-1.0
3,112,2,0,0.0,-1.0
3,113,2,0,0.0,-1.0
3,114,2,0,0.0,-1.0
3,115,2,0,0.0,-1.0
3,116,6,0,0.0,-1.0
3,117,2,0,0.0,-1.0
3,118,4,0,0.0,-1.0
3,119,1,0,0.0,-1.0
3,120,2,0,0.0,-1.0
3,121,2,0,0.0,-1.0
3,122,3,0,0.0,-1.0
3,123,3,0,0.0,-1.0
3,124,2,0,0.0,-1.0
3,125,3,0,0.0,-1.0
3,126,3,0,0.0,-1.0
3,127,4,0,0.0,-1.0
3,128,4,0,0.0,-1.0
3,129,2,0,0.0,-1.0
3,130,2,0,0.0,-1.0
3,131,4,0,0.0,-1.0
3,132,2,0,0.0,-1.0
3,133,2,0,0.0,-1.0
3,134,2,0,0.0,-1.0
3,135,2,0,0.0,-1.0
3,136,2,0,0.0,-1.0
3,137,2,0,0.0,-1.0
3,138,2,0,0.0,-1.0
3,139,2,0,0.0,-1.0
3,140,3,0,0.0,-1.0
3,141,2,0,-1.0,-2.0
3,142,1,0,0.0,-2.0
3,143,13,0,0.0,-2.0
3,144,9,0,0.0,-2.0
3,145,1,0,0.0,-2.0
3,146,2,0,0.0,-2.0
3,147,4,0,0.0,-2.0
3,148,1,0,0.0,-2.0
3,149,3,0,0.0,-2.0
3,150,2,0,0.0,-2.0
3,151,2,0,0.0,-2.0
3,152,3,0,0.0,-2.0
3,153,2,0,0.0,-2.0
3,154,1,0,0.0,-2.0
3,155,4,0,0.0,-2.0
3,156,2,0,0.0,-2.0
3,157,2,0,0.0,-2.0
3,158,1,0,0.0,-2.0
3,159,4,0,0.0,-2.0
3,160,3,0,0.0,-2.0
3,161,2,0,0.0,-2.0
3,162,2,0,0.0,-2.0
3,163,4,0,0.0,-2.0
3,164,2,0,0.0,-2.0
3,165,2,0,-1.0,-3.0
3,166,2,0,0.0,-3.0
3,167,2,0,0.0,-3.0
3,168,5,0,0.0,-3.0
3,169,3,0,-1.0,-4.0
3,170,2,0,0.0,-4.0
3,171,2,0,0.0,-4.0
3,172,2,0,0.0,-4.0
3,173,2,0,0.0,-4.0
3,174,4,0,-1.0,-5.0
3,175,2,0,0.0,-5.0
3,176,1,0,0.0,-5.0
3,177,5,0,0.0,-5.0
3,178,2,0,0.0,-5.0
3,179,3,0,0.0,-5.0
3,180,4,0,0.0,-5.0
3,181,2,0,0.0,-5.0
3,182,2,0,0.0,-5.0
3,183,4,0,0.0,-5.0
3,184,4,0,0.0,-5.0
3,185,3,0,0.0,-5.0
3,186,2,0,0.0,-5.0
3,187,3,0,0.0,-5.0
3,188,3,0,0.0,-5.0
3,189,4,0,0.0,-5.0
3,190,4,0,0.0,-5.0
3,191,1,0,0.0,-5.0
3,192,2,0,0.0,-5.0
3,193,2,0,1.0,-4.0
3,194,2,0,0.0,-4.0
3,195,3,0,0.0,-4.0
3,196,4,0,0.0,-4.0
3,197,3,0,0.0,-4.0
3,198,3,0,0.0,-4.0
3,199,8,0,0.0,-4.0
3,200,3,0,0.0,-4.0
3,201,2,0,0.0,-4.0
3,202,2,0,0.0,-4.0
3,203,3,0,0.0,-4.0
3,204,3,0,0.0,-4.0
3,205,2,0,0.0,-4.0
3,206,4,0,0.0,-4.0
3,207,4,0,0.0,-4.0
3,208,2,0,0.0,-4.0
3,209,9,0,0.0,-4.0
3,210,2,0,0.0,-4.0
3,211,3,0,0.0,-4.0
3,212,3,0,0.0,-4.0
3,213,3,0,0.0,-4.0
3,214,3,0,0.0,-4.0
3,215,3,0,0.0,-4.0
3,216,3,0,0.0,-4.0
3,217,3,0,0.0,-4.0
3,218,3,0,0.0,-4.0
3,219,3,0,0.0,-4.0
3,220,8,0,0.0,-4.0
3,221,2,0,0.0,-4.0
3,222,2,0,0.0,-4.0
3,223,3,0,0.0,-4.0
3,224,2,0,0.0,-4.0
3,225,2,0,0.0,-4.0
3,226,6,0,0.0,-4.0
3,227,2,0,0.0,-4.0
3,228,2,0,0.0,-4.0
3,229,2,0,0.0,-4.0
3,230,3,0,0.0,-4.0
3,231,2,0,0.0,-4.0
3,232,3,0,0.0,-4.0
3,233,2,0,0.0,-4.0
3,234,5,0,0.0,-4.0
3,235,1,0,0.0,-4.0
3,236,2,0,0.0,-4.0
3,237,2,0,0.0,-4.0
3,238,2,0,-2.0,-6.0
3,239,5,0,0.0,-6.0
3,240,5,0,0.0,-6.0
3,241,1,0,0.0,-6.0
3,242,4,0,0.0,-6.0
3,243,4,0,0.0,-6.0
3,244,4,0,0.0,-6.0
3,245,3,0,0.0,-6.0
3,246,2,0,0.0,-6.0
3,247,7,0,0.0,-6.0
3,248,2,0,0.0,-6.0
3,249,3,0,0.0,-6.0
3,250,2,0,0.0,-6.0
3,251,3,0,0.0,-6.0
3,252,11,0,0.0,-6.0
3,253,3,0,0.0,-6.0
3,254,11,0,1.0,-5.0
3,255,5,0,0.0,-5.0
3,256,3,0,0.0,-5.0
3,257,10,0,0.0,-5.0
3,258,11,0,0.0,-5.0
3,259,2,0,0.0,-5.0
3,260,2,0,0.0,-5.0
3,261,3,0,0.0,-5.0
3,262,10,0,0.0,-5.0
3,263,7,0,0.0,-5.0
3,264,2,0,0.0,-5.0
3,265,7,0,0.0,-5.0
3,266,2,0,0.0,-5.0
3,267,3,0,0.0,-5.0
3,268,2,0,0.0,-5.0
3,269,15,0,0.0,-5.0
3,270,4,0,0.0,-5.0
3,271,12,0,0.0,-5.0
3,272,4,0,0.0,-5.0
3,273,7,0,0.0,-5.0
3,274,4,0,0.0,-5.0
3,275,2,0,0.0,-5.0
3,276,3,0,0.0,-5.0
3,277,7,0,0.0,-5.0
3,278,4,0,0.0,-5.0
3,279,11,0,0.0,-5.0
3,280,11,0,0.0,-5.0
3,281,7,0,1.0,-4.0
3,282,4,0,0.0,-4.0
3,283,7,0,0.0,-4.0
3,284,2,0,0.0,-4.0
3,285,3,0,0.0,-4.0
3,286,2,0,0.0,-4.0
3,287,10,0,0.0,-4.0
3,288,2,0,0.0,-4.0
3,289,4,0,0.0,-4.0
3,290,3,0,0.0,-4.0
3,291,9,0,0.0,-4.0
3,292,4,0,0.0,-4.0
3,293,2,0,0.0,-4.0
3,294,9,0,0.0,-4.0
3,295,4,0,0.0,-4.0
3,296,10,0,0.0,-4.0
3,297,2,0,0.0,-4.0
3,298,9,0,0.0,-4.0
3,299,4,0,0.0,-4.0
3,300,2,0,0.0,-4.0
3,301,1,0,0.0,-4.0
3,302,3,0,0.0,-4.0
3,303,3,0,0.0,-4.0
3,304,2,0,0.0,-4.0
3,305,4,0,0.0,-4.0
3,306,2,0,0.0,-4.0
3,307,2,0,0.0,-4.0
3,308,2,0,0.0,-4.0
3,309,2,0,0.0,-4.0
3,310,2,0,0.0,-4.0
3,311,2,0,0.0,-4.0
3,312,11,0,0.0,-4.0
3,313,4,0,0.0,-4.0
3,314,4,0,0.0,-4.0
3,315,1,0,0.0,-4.0
3,316,2,0,0.0,-4.0
3,317,2,0,0.0,-4.0
3,318,12,0,0.0,-4.0
3,319,2,0,0.0,-4.0
3,320,2,0,0.0,-4.0
3,321,5,0,0.0,-4.0
3,322,2,0,0.0,-4.0
3,323,2,0,0.0,-4.0
3,324,4,0,0.0,-4.0
3,325,3,0,0.0,-4.0
3,326,8,0,0.0,-4.0
3,327,3,0,0.0,-4.0
3,328,11,0,0.0,-4.0
3,329,4,0,0.0,-4.0
3,330,2,0,0.0,-4.0
3,331,2,0,0.0,-4.0
3,332,4,0,0.0,-4.0
3,333,10,0,0.0,-4.0
3,334,4,0,0.0,-4.0
3,335,12,0,0.0,-4.0
3,336,2,0,0.0,-4.0
3,337,2,0,0.0,-4.0
3,338,2,0,0.0,-4.0
3,339,3,0,0.0,-4.0
3,340,12,0,0.0,-4.0
3,341,2,0,0.0,-4.0
3,342,11,0,0.0,-4.0
3,343,16,0,0.0,-4.0
3,344,14,0,0.0,-4.0
3,345,12,0,0.0,-4.0
3,346,11,0,0.0,-4.0
3,347,3,0,0.0,-4.0
3,348,3,0,0.0,-4.0
3,349,16,0,0.0,-4.0
3,350,3,0,0.0,-4.0
3,351,2,0,0.0,-4.0
3,352,3,0,0.0,-4.0
3,353,1,0,0.0,-4.0
3,354,3,0,0.0,-4.0
3,355,11,0,0.0,-4.0
3,356,3,0,0.0,-4.0
3,357,3,0,0.0,-4.0
3,358,2,0,0.0,-4.0
3,359,11,0,0.0,-4.0
3,360,2,0,0.0,-4.0
3,361,12,0,0.0,-4.0
3,362,2,0,0.0,-4.0
3,363,11,0,0.0,-4.0
3,364,11,0,0.0,-4.0
3,365,12,0,0.0,-4.0
3,366,2,0,0.0,-4.0
3,367,16,0,0.0,-4.0
3,368,10,0,0.0,-4.0
3,369,3,0,0.0,-4.0
3,370,3,0,0.0,-4.0
3,371,3,0,0.0,-4.0
3,372,3,0,0.0,-4.0
3,373,2,0,0.0,-4.0
3,374,2,0,0.0,-4.0
3,375,2,0,0.0,-4.0
3,376,16,0,0.0,-4.0
3,377,2,0,0.0,-4.0
3,378,10,0,0.0,-4.0
3,379,11,0,0.0,-4.0
3,380,2,0,0.0,-4.0
3,381,3,0,0.0,-4.0
3,382,3,0,0.0,-4.0
3,383,3,0,0.0,-4.0
3,384,2,0,0.0,-4.0
3,385,3,0,0.0,-4.0
3,386,11,0,0.0,-4.0
3,387,2,0,0.0,-4.0
3,388,11,0,0.0,-4.0
3,389,16,0,0.0,-4.0
3,390,16,0,0.0,-4.0
3,391,16,0,0.0,-4.0
3,392,10,0,0.0,-4.0
3,393,10,0,0.0,-4.0
3,394,3,0,0.0,-4.0
3,395,8,0,0.0,-4.0
3,396,2,0,0.0,-4.0
3,397,2,0,0.0,-4.0
3,398,10,0,0.0,-4.0
3,399,2,0,-2.0,-6.0
3,400,2,0,0.0,-6.0
3,401,11,0,0.0,-6.0
3,402,16,0,0.0,-6.0
3,403,16,0,0.0,-6.0
3,404,13,0,-1.0,-7.0
3,405,3,0,0.0,-7.0
3,406,2,0,0.0,-7.0
3,407,2,0,0.0,-7.0
3,408,13,0,0.0,-7.0
3,409,6,0,0.0,-7.0
3,410,14,0,0.0,-7.0
3,411,2,0,0.0,-7.0
3,412,11,0,0.0,-7.0
3,413,12,0,0.0,-7.0
3,414,3,0,0.0,-7.0
3,415,16,0,0.0,-7.0
3,416,7,0,0.0,-7.0
3,417,16,0,0.0,-7.0
3,418,10,0,0.0,-7.0
3,419,8,0,0.0,-7.0
3,420,2,0,0.0,-7.0
3,421,16,0,0.0,-7.0
3,422,13,0,0.0,-7.0
3,423,11,0,1.0,-6.0
3,424,11,0,0.0,-6.0
3,425,2,0,0.0,-6.0
3,426,9,0,0.0,-6.0
3,427,4,0,0.0,-6.0
3,428,17,0,0.0,-6.0
3,429,4,0,0.0,-6.0
3,430,9,0,0.0,-6.0
3,431,6,0,0.0,-6.0
3,432,2,0,0.0,-6.0
3,433,14,0,0.0,-6.0
3,434,16,0,0.0,-6.0
3,435,14,0,0.0,-6.0
3,436,6,0,0.0,-6.0
3,437,16,0,0.0,-6.0
3,438,13,0,0.0,-6.0
3,439,2,0,1.0,-5.0
3,440,4,0,0.0,-5.0
3,441,10,0,0.0,-5.0
3,442,5,0,0.0,-5.0
3,443,6,0,0.0,-5.0
3,444,7,0,0.0,-5.0
3,445,5,0,0.0,-5.0
3,446,5,0,0.0,-5.0
3,447,2,0,0.0,-5.0
3,448,2,0,0.0,-5.0
3,449,11,0,0.0,-5.0
3,450,3,0,0.0,-5.0
3,451,3,0,0.0,-5.0
3,452,3,0,0.0,-5.0
3,453,3,0,0.0,-5.0
3,454,6,0,0.0,-5.0
3,455,2,0,0.0,-5.0
3,456,2,0,0.0,-5.0
3,457,16,0,0.0,-5.0
3,458,16,0,0.0,-5.0
3,459,4,0,0.0,-5.0
3,460,9,0,0.0,-5.0
3,461,4,0,0.0,-5.0
3,462,4,0,0.0,-5.0
3,463,4,0,0.0,-5.0
3,464,2,0,0.0,-5.0
3,465,11,0,0.0,-5.0
3,466,11,0,0.0,-5.0
3,467,2,0,0.0,-5.0
3,468,14,0,0.0,-5.0
3,469,2,0,0.0,-5.0
3,470,2,0,0.0,-5.0
3,471,7,0,0.0,-5.0
3,472,10,0,0.0,-5.0
3,473,4,0,0.0,-5.0
3,474,2,0,0.0,-5.0
3,475,2,0,0.0,-5.0
3,476,10,0,0.0,-5.0
3,477,12,0,0.0,-5.0
3,478,10,0,0.0,-5.0
3,479,6,0,0.0,-5.0
3,480,4,0,0.0,-5.0
3,481,2,0,0.0,-5.0
3,482,2,0,0.0,-5.0
3,483,5,0,0.0,-5.0
3,484,4,0,0.0,-5.0
3,485,6,0,0.0,-5.0
3,486,9,0,0.0,-5.0
3,487,4,0,0.0,-5.0
3,488,2,0,0.0,-5.0
3,489,15,0,0.0,-5.0
3,490,1,0,0.0,-5.0
3,491,7,0,0.0,-5.0
3,492,4,0,0.0,-5.0
3,493,7,0,0.0,-5.0
3,494,6,0,0.0,-5.0
3,495,6,0,0.0,-5.0
3,496,10,0,0.0,-5.0
3,497,2,0,0.0,-5.0
3,498,2,0,0.0,-5.0
3,499,2,0,0.0,-5.0
3,500,7,0,0.0,-5.0
4,1,10,0,0.0,0.0
4,2,2,0,0.0,0.0
4,3,13,0,0.0,0.0
4,4,8,0,0.0,0.0
4,5,11,0,0.0,0.0
4,6,11,0,0.0,0.0
4,7,14,0,0.0,0.0
4,8,10,0,0.0,0.0
4,9,4,0,0.0,0.0
4,10,2,0,0.0,0.0
4,11,16,0,0.0,0.0
4,12,13,0,0.0,0.0
4,13,3,0,0.0,0.0
4,14,16,0,-1.0,-1.0
4,15,16,0,0.0,-1.0
4,16,10,0,0.0,-1.0
4,17,7,0,0.0,-1.0
4,18,11,0,0.0,-1.0
4,19,16,0,0.0,-1.0
4,20,16,0,0.0,-1.0
4,21,16,0,0.0,-1.0
4,22,11,0,0.0,-1.0
4,23,12,0,0.0,-1.0
4,24,11,0,0.0,-1.0
4,25,13,0,0.0,-1.0
4,26,16,0,0.0,-1.0
4,27,10,0,0.0,-1.0
4,28,7,0,0.0,-1.0
4,29,11,0,0.0,-1.0
4,30,11,0,0.0,-1.0
4,31,13,0,0.0,-1.0
4,32,3,0,0.0,-1.0
4,33,10,0,0.0,-1.0
4,34,2,0,0.0,-1.0
4,35,2,0,0.0,-1.0
4,36,11,0,0.0,-1.0
4,37,16,0,0.0,-1.0
4,38,9,0,0.0,-1.0
4,39,11,0,0.0,-1.0
4,40,16,0,0.0,-1.0
4,41,13,0,0.0,-1.0
4,42,16,0,0.0,-1.0
4,43,8,0,0.0,-1.0
4,44,6,0,0.0,-1.0
4,45,13,0,0.0,-1.0
4,46,16,0,0.0,-1.0
4,47,13,0,0.0,-1.0
4,48,5,0,0.0,-1.0
4,49,10,0,-1.0,-2.0
4,50,8,0,0.0,-2.0
4,51,3,0,0.0,-2.0
4,52,3,0,0.0,-2.0
4,53,16,0,0.0,-2.0
4,54,13,0,0.0,-2.0
4,55,13,0,0.0,-2.0
4,56,16,0,0.0,-2.0
4,57,3,0,0.0,-2.0
4,58,3,0,0.0,-2.0
4,59,3,0,0.0,-2.0
4,60,3,0,0.0,-2.0
4,61,3,0,0.0,-2.0
4,62,2,0,0.0,-2.0
4,63,2,0,0.0,-2.0
4,64,11,0,0.0,-2.0
4,65,2,0,0.0,-2.0
4,66,5,0,0.0,-2.0
4,67,5,0,0.0,-2.0
4,68,16,0,0.0,-2.0
4,69,16,0,0.0,-2.0
4,70,5,0,2.0,0.0
4,71,11,0,0.0,0.0
4,72,10,0,0.0,0.0
4,73,11,0,0.0,0.0
4,74,2,0,1.0,1.0
4,75,13,0,0.0,1.0
4,76,12,0,0.0,1.0
4,77,17,0,0.0,1.0
4,78,15,0,0.0,1.0
4,79,16,0,0.0,1.0
4,80,0,0,0.0,1.0
4,81,15,0,0.0,1.0
4,82,17,0,0.0,1.0
4,83,10,0,0.0,1.0
4,84,3,0,0.0,1.0
4,85,11,0,0.0,1.0
4,86,17,0,0.0,1.0
4,87,11,0,0.0,1.0
4,88,3,0,0.0,1.0
4,89,15,0,-2.0,-1.0
4,90,14,0,0.0,-1.0
4,91,13,0,0.0,-1.0
4,92,2,0,0.0,-1.0
4,93,13,0,0.0,-1.0
4,94,11,0,0.0,-1.0
4,95,17,0,0.0,-1.0
4,96,7,0,0.0,-1.0
4,97,2,0,0.0,-1.0
4,98,15,0,0.0,-1.0
4,99,16,0,0.0,-1.0
4,100,13,0,0.0,-1.0
4,101,10,0,0.0,-1.0
4,102,5,0,0.0,-1.0
4,103,5,0,-1.0,-2.0
4,104,14,0,0.0,-2.0
4,105,3,0,0.0,-2.0
4,106,11,0,0.0,-2.0
4,107,1,0,0.0,-2.0
4,108,1,0,0.0,-2.0
4,109,6,0,0.0,-2.0
4,110,11,0,0.0,-2.0
4,111,17,0,0.0,-2.0
4,112,17,0,0.0,-2.0
4,113,8,0,0.0,-2.0
4,114,13,0,0.0,-2.0
4,115,17,0,0.0,-2.0
4,116,17,0,0.0,-2.0
4,117,17,0,0.0,-2.0
4,118,17,0,0.0,-2.0
4,119,11,0,0.0,-2.0
4,120,17,0,0.0,-2.0
4,121,16,0,0.0,-2.0
4,122,17,0,0.0,-2.0
4,123,17,0,0.0,-2.0
4,124,5,0,0.0,-2.0
4,125,9,0,0.0,-2.0
4,126,17,0,0.0,-2.0
4,127,3,0,0.0,-2.0
4,128,13,0,0.0,-2.0
4,129,10,0,0.0,-2.0
4,130,5,0,0.0,-2.0
4,131,13,0,0.0,-2.0
4,132,3,0,0.0,-2.0
4,133,10,0,0.0,-2.0
4,134,2,0,0.0,-2.0
4,135,2,0,0.0,-2.0
4,136,10,0,0.0,-2.0
4,137,10,0,0.0,-2.0
4,138,17,0,0.0,-2.0
4,139,11,0,0.0,-2.0
4,140,11,0,0.0,-2.0
4,141,11,0,0.0,-2.0
4,142,17,0,0.0,-2.0
4,143,16,0,0.0,-2.0
4,144,2,0,0.0,-2.0
4,145,6,0,0.0,-2.0
4,146,17,0,0.0,-2.0
4,147,14,0,0.0,-2.0
4,148,11,0,0.0,-2.0
4,149,12,0,0.0,-2.0
4,150,2,0,0.0,-2.0
4,151,2,0,0.0,-2.0
4,152,13,0,0.0,-2.0
4,153,10,0,0.0,-2.0
4,154,16,0,0.0,-2.0
4,155,11,0,0.0,-2.0
4,156,3,0,0.0,-2.0
4,157,3,0,0.0,-2.0
4,158,3,0,0.0,-2.0
4,159,0,0,0.0,-2.0
4,160,11,0,0.0,-2.0
4,161,5,0,0.0,-2.0
4,162,10,0,0.0,-2.0
4,163,13,0,0.0,-2.0
4,164,2,0,0.0,-2.0
4,165,12,0,0.0,-2.0
4,166,2,0,0.0,-2.0
4,167,11,0,0.0,-2.0
4,168,2,0,0.0,-2.0
4,169,10,0,0.0,-2.0
4,170,16,0,0.0,-2.0
4,171,13,0,0.0,-2.0
4,172,11,0,0.0,-2.0
4,173,13,0,0.0,-2.0
4,174,13,0,0.0,-2.0
4,175,13,0,0.0,-2.0
4,176,3,0,-2.0,-4.0
4,177,17,0,0.0,-4.0
4,178,2,0,0.0,-4.0
4,179,13,0,0.0,-4.0
4,180,2,0,0.0,-4.0
4,181,2,0,0.0,-4.0
4,182,15,0,0.0,-4.0
4,183,1,0,0.0,-4.0
4,184,2,0,0.0,-4.0
4,185,2,0,0.0,-4.0
4,186,5,0,0.0,-4.0
4,187,1,0,0.0,-4.0
4,188,5,0,0.0,-4.0
4,189,3,0,0.0,-4.0
4,190,16,0,0.0,-4.0
4,191,5,0,0.0,-4.0
4,192,13,0,0.0,-4.0
4,193,11,0,0.0,-4.0
4,194,5,0,0.0,-4.0
4,195,6,0,0.0,-4.0
4,196,11,0,0.0,-4.0
4,197,1,0,0.0,-4.0
4,198,3,0,-2.0,-6.0
4,199,2,0,0.0,-6.0
4,200,1,0,0.0,-6.0
4,201,13,0,0.0,-6.0
4,202,8,0,0.0,-6.0
4,203,10,0,0.0,-6.0
4,204,12,0,-1.0,-7.0
4,205,16,0,0.0,-7.0
4,206,5,0,0.0,-7.0
4,207,11,0,0.0,-7.0
4,208,0,0,0.0,-7.0
4,209,11,0,0.0,-7.0
4,210,11,0,0.0,-7.0
4,211,3,0,0.0,-7.0
4,212,11,0,0.0,-7.0
4,213,16,0,0.0,-7.0
4,214,3,0,0.0,-7.0
4,215,2,0,0.0,-7.0
4,216,11,0,1.0,-6.0
4,217,16,0,0.0,-6.0
4,218,11,0,0.0,-6.0
4,219,11,0,0.0,-6.0
4,220,11,0,0.0,-6.0
4,221,2,0,0.0,-6.0
4,222,16,0,0.0,-6.0
4,223,4,0,0.0,-6.0
4,224,11,0,0.0,-6.0
4,225,16,0,0.0,-6.0
4,226,16,0,0.0,-6.0
4,227,16,0,0.0,-6.0
4,228,2,0,0.0,-6.0
4,229,2,0,0.0,-6.0
4,230,11,0,0.0,-6.0
4,231,11,0,0.0,-6.0
4,232,2,0,0.0,-6.0
4,233,3,0,0.0,-6.0
4,234,10,0,0.0,-6.0
4,235,2,0,0.0,-6.0
4,236,2,0,0.0,-6.0
4,237,3,0,0.0,-6.0
4,238,13,0,0.0,-6.0
4,239,1,0,0.0,-6.0
4,240,11,0,2.0,-4.0
4,241,11,0,0.0,-4.0
4,242,3,0,0.0,-4.0
4,243,11,0,0.0,-4.0
4,244,11,0,-2.0,-6.0
4,245,16,0,0.0,-6.0
4,246,13,0,0.0,-6.0
4,247,4,0,0.0,-6.0
4,248,13,0,0.0,-6.0
4,249,1,0,0.0,-6.0
4,250,3,0,0.0,-6.0
4,251,11,0,0.0,-6.0
4,252,11,0,0.0,-6.0
4,253,1,0,0.0,-6.0
4,254,7,0,0.0,-6.0
4,255,2,0,0.0,-6.0
4,256,11,0,0.0,-6.0
4,257,16,0,0.0,-6.0
4,258,11,0,0.0,-6.0
4,259,3,0,0.0,-6.0
4,260,16,0,0.0,-6.0
4,261,11,0,0.0,-6.0
4,262,14,0,0.0,-6.0
4,263,5,0,-2.0,-8.0
4,264,3,0,0.0,-8.0
4,265,11,0,0.0,-8.0
4,266,11,0,0.0,-8.0
4,267,3,0,0.0,-8.0
4,268,3,0,0.0,-8.0
4,269,16,0,0.0,-8.0
4,270,11,0,0.0,-8.0
4,271,2,0,0.0,-8.0
4,272,3,0,0.0,-8.0
4,273,11,0,0.0,-8.0
4,274,11,0,0.0,-8.0
4,275,16,0,0.0,-8.0
4,276,13,0,0.0,-8.0
4,277,16,0,0.0,-8.0
4,278,2,0,0.0,-8.0
4,279,5,0,0.0,-8.0
4,280,10,0,-2.0,-10.0
4,281,4,0,0.0,-10.0
4,282,7,0,0.0,-10.0
4,283,4,0,0.0,-10.0
4,284,11,0,0.0,-10.0
4,285,5,0,1.0,-9.0
4,286,3,0,0.0,-9.0
4,287,2,0,0.0,-9.0
4,288,3,0,0.0,-9.0
4,289,16,0,0.0,-9.0
4,290,2,0,0.0,-9.0
4,291,11,0,0.0,-9.0
4,292,16,0,0.0,-9.0
4,293,11,0,0.0,-9.0
4,294,11,0,0.0,-9.0
4,295,16,0,0.0,-9.0
4,296,2,0,0.0,-9.0
4,297,12,0,0.0,-9.0
4,298,16,0,0.0,-9.0
4,299,16,0,0.0,-9.0
4,300,11,0,-2.0,-11.0
4,301,16,0,0.0,-11.0
4,302,2,0,0.0,-11.0
4,303,11,0,0.0,-11.0
4,304,16,0,0.0,-11.0
4,305,2,0,1.0,-10.0
4,306,16,0,0.0,-10.0
4,307,2,0,0.0,-10.0
4,308,10,0,0.0,-10.0
4,309,0,0,0.0,-10.0
4,310,2,0,0.0,-10.0
4,311,11,0,0.0,-10.0
4,312,11,0,0.0,-10.0
4,313,11,0,0.0,-10.0
4,314,9,0,0.0,-10.0
4,315,9,0,0.0,-10.0
4,316,4,0,0.0,-10.0
4,317,5,0,0.0,-10.0
4,318,2,0,0.0,-10.0
4,319,2,0,0.0,-10.0
4,320,4,0,0.0,-10.0
4,321,3,0,0.0,-10.0
4,322,4,0,0.0,-10.0
4,323,5,0,0.0,-10.0
4,324,9,0,0.0,-10.0
4,325,4,0,0.0,-10.0
4,326,9,0,0.0,-10.0
4,327,7,0,0.0,-10.0
4,328,3,0,0.0,-10.0
4,329,1,0,0.0,-10.0
4,330,2,0,0.0,-10.0
4,331,7,0,0.0,-10.0
4,332,16,0,0.0,-10.0
4,333,2,0,0.0,-10.0
4,334,9,0,0.0,-10.0
4,335,2,0,0.0,-10.0
4,336,2,0,0.0,-10.0
4,337,7,0,0.0,-10.0
4,338,7,0,0.0,-10.0
4,339,11,0,0.0,-10.0
4,340,6,0,0.0,-10.0
4,341,3,0,0.0,-10.0
4,342,11,0,0.0,-10.0
4,343,12,0,0.0,-10.0
4,344,7,0,0.0,-10.0
4,345,4,0,0.0,-10.0
4,346,16,0,0.0,-10.0
4,347,3,0,0.0,-10.0
4,348,1,0,0.0,-10.0
4,349,6,0,0.0,-10.0
4,350,10,0,0.0,-10.0
4,351,11,0,0.0,-10.0
4,352,10,0,0.0,-10.0
4,353,16,0,0.0,-10.0
4,354,6,0,0.0,-10.0
4,355,11,0,0.0,-10.0
4,356,11,0,0.0,-10.0
4,357,3,0,0.0,-10.0
4,358,2,0,-2.0,-12.0
4,359,12,0,0.0,-12.0
4,360,1,0,0.0,-12.0
4,361,9,0,0.0,-12.0
4,362,9,0,0.0,-12.0
4,363,7,0,0.0,-12.0
4,364,0,0,0.0,-12.0
4,365,11,0,0.0,-12.0
4,366,3,0,0.0,-12.0
4,367,14,0,0.0,-12.0
4,368,13,0,0.0,-12.0
4,369,2,0,1.0,-11.0
4,370,2,0,0.0,-11.0
4,371,2,0,0.0,-11.0
4,372,10,0,0.0,-11.0
4,373,0,0,0.0,-11.0
4,374,6,0,0.0,-11.0
4,375,3,0,0.0,-11.0
4,376,2,0,0.0,-11.0
4,377,6,0,0.0,-11.0
4,378,3,0,0.0,-11.0
4,379,6,0,0.0,-11.0
4,380,5,0,0.0,-11.0
4,381,2,0,0.0,-11.0
4,382,3,0,0.0,-11.0
4,383,3,0,0.0,-11.0
4,384,3,0,0.0,-11.0
4,385,9,0,0.0,-11.0
4,386,7,0,0.0,-11.0
4,387,7,0,0.0,-11.0
4,388,5,0,0.0,-11.0
4,389,11,0,-2.0,-13.0
4,390,3,0,0.0,-13.0
4,391,2,0,0.0,-13.0
4,392,2,0,0.0,-13.0
4,393,3,0,0.0,-13.0
4,394,2,0,0.0,-13.0
4,395,10,0,0.0,-13.0
4,396,3,0,0.0,-13.0
4,397,6,0,0.0,-13.0
4,398,16,0,0.0,-13.0
4,399,2,0,-1.0,-14.0
4,400,2,0,0.0,-14.0
4,401,4,0,0.0,-14.0
4,402,9,0,0.0,-14.0
4,403,9,0,0.0,-14.0
4,404,2,0,0.0,-14.0
4,405,7,0,0.0,-14.0
4,406,4,0,0.0,-14.0
4,407,2,0,0.0,-14.0
4,408,3,0,0.0,-14.0
4,409,3,0,0.0,-14.0
4,410,5,0,0.0,-14.0
4,411,1,0,0.0,-14.0
4,412,8,0,0.0,-14.0
4,413,2,0,0.0,-14.0
4,414,5,0,0.0,-14.0
4,415,11,0,0.0,-14.0
4,416,5,0,0.0,-14.0
4,417,9,0,0.0,-14.0
4,418,11,0,0.0,-14.0
4,419,17,0,0.0,-14.0
4,420,7,0,0.0,-14.0
4,421,16,0,0.0,-14.0
4,422,10,0,0.0,-14.0
4,423,13,0,0.0,-14.0
4,424,7,0,0.0,-14.0
4,425,4,0,0.0,-14.0
4,426,1,0,0.0,-14.0
4,427,11,0,0.0,-14.0
4,428,3,0,0.0,-14.0
4,429,3,0,0.0,-14.0
4,430,11,0,0.0,-14.0
4,431,2,0,0.0,-14.0
4,432,9,0,0.0,-14.0
4,433,4,0,0.0,-14.0
4,434,6,0,0.0,-14.0
4,435,2,0,0.0,-14.0
4,436,4,0,0.0,-14.0
4,437,8,0,0.0,-14.0
4,438,7,0,0.0,-14.0
4,439,7,0,0.0,-14.0
4,440,3,0,0.0,-14.0
4,441,5,0,0.0,-14.0
4,442,2,0,0.0,-14.0
4,443,6,0,0.0,-14.0
4,444,11,0,0.0,-14.0
4,445,8,0,0.0,-14.0
4,446,2,0,0.0,-14.0
4,447,11,0,0.0,-14.0
4,448,11,0,0.0,-14.0
4,449,11,0,0.0,-14.0
4,450,8,0,0.0,-14.0
4,451,16,0,0.0,-14.0
4,452,11,0,0.0,-14.0
4,453,8,0,0.0,-14.0
4,454,13,0,0.0,-14.0
4,455,2,0,0.0,-14.0
4,456,2,0,0.0,-14.0
4,457,7,0,0.0,-14.0
4,458,4,0,0.0,-14.0
4,459,5,0,0.0,-14.0
4,460,2,0,-2.0,-16.0
4,461,7,0,0.0,-16.0
4,462,2,0,0.0,-16.0
4,463,11,0,0.0,-16.0
4,464,0,0,0.0,-16.0
4,465,4,0,0.0,-16.0
4,466,16,0,0.0,-16.0
4,467,2,0,0.0,-16.0
4,468,2,0,0.0,-16.0
4,469,5,0,0.0,-16.0
4,470,3,0,0.0,-16.0
4,471,2,0,0.0,-16.0
4,472,2,0,0.0,-16.0
4,473,5,0,0.0,-16.0
4,474,2,0,0.0,-16.0
4,475,11,0,0.0,-16.0
4,476,2,0,0.0,-16.0
4,477,2,0,0.0,-16.0
4,478,11,0,0.0,-16.0
4,479,3,0,0.0,-16.0
4,480,3,0,0.0,-16.0
4,481,3,0,0.0,-16.0
4,482,16,0,0.0,-16.0
4,483,2,0,0.0,-16.0
4,484,13,0,-2.0,-18.0
4,485,2,0,0.0,-18.0
4,486,0,0,0.0,-18.0
4,487,2,0,0.0,-18.0
4,488,7,0,0.0,-18.0
4,489,3,0,0.0,-18.0
4,490,4,0,0.0,-18.0
4,491,2,0,0.0,-18.0
4,492,3,0,0.0,-18.0
4,493,3,0,0.0,-18.0
4,494,3,0,0.0,-18.0
4,495,3,0,0.0,-18.0
4,496,11,0,0.0,-18.0
4,497,6,0,0.0,-18.0
4,498,13,0,0.0,-18.0
4,499,16,0,0.0,-18.0
4,500,2,0,2.0,-16.0
5,1,3,0,0.0,0.0
